Actual Rating,Predicted Rating
4.2,4.132
3.8,3.653
3.9,3.895
3.9,3.882
4.1,4.102
4.8,4.701
4.0,3.993
3.7,3.69
4.0,3.996
4.4,4.376
3.2,3.239
3.9,3.965
3.6,3.653
3.6,3.62
4.1,4.1
3.8,3.783
3.0,3.225
4.2,4.24
4.1,3.632
4.1,4.076
4.0,4.007
4.3,4.293
3.7,3.716
2.2,2.476
3.8,3.677
4.5,4.5
3.8,3.806
3.7,3.727
3.7,3.698
4.0,4.001
3.8,3.63
3.9,3.767
4.1,4.107
4.0,3.999
2.8,2.871
3.9,3.893
4.3,4.3
3.8,3.804
4.1,4.081
4.1,4.097
3.0,3.046
4.3,4.306
4.4,4.376
3.8,3.791
3.1,3.253
3.4,3.36
4.4,4.409
2.9,3.123
4.2,4.199
4.1,4.077
4.3,4.287
4.4,4.4
4.1,3.893
4.3,4.301
2.9,3.296
4.2,4.197
4.2,4.095
4.2,4.196
4.2,4.21
3.8,3.812
4.1,4.099
4.6,4.441
3.6,3.582
3.4,3.642
4.2,4.09
3.9,3.45
3.2,3.392
4.0,4.001
3.5,3.508
4.2,4.201
4.1,4.163
4.4,4.252
3.8,3.599
4.3,4.305
4.0,4.0
4.0,3.875
4.2,4.214
3.7,3.785
4.7,4.7
2.3,2.315
3.7,3.669
3.9,3.742
4.3,4.222
4.1,4.06
3.8,3.811
4.0,3.857
3.9,3.891
3.6,3.551
4.2,4.196
4.4,4.476
3.9,3.902
4.0,4.01
4.0,3.959
2.9,3.267
3.1,3.1
3.9,3.744
3.9,3.857
3.8,3.795
4.2,4.206
2.3,2.328
3.8,3.817
3.7,3.709
4.1,4.049
3.7,3.738
3.7,3.751
3.9,3.901
3.0,3.469
4.4,4.394
4.1,4.1
2.1,2.409
3.9,3.89
4.5,4.5
4.3,4.249
4.1,4.207
4.3,4.3
3.7,3.663
3.8,3.823
3.9,4.034
2.8,2.852
4.1,4.1
3.9,3.874
3.8,3.808
2.9,3.037
3.4,3.465
2.8,2.897
3.8,3.68
2.6,3.599
4.0,4.0
3.9,3.936
3.9,3.865
4.2,4.19
3.7,3.704
3.8,3.844
2.8,2.85
4.5,4.5
4.2,4.2
3.9,3.905
4.0,3.999
3.9,3.911
3.9,3.81
4.2,4.208
4.3,4.3
4.8,4.648
4.1,4.098
3.4,3.444
3.7,3.701
3.8,3.772
3.7,3.699
3.9,3.9
3.9,3.878
3.3,3.335
2.9,3.852
4.1,4.152
4.2,4.203
4.1,3.99
3.9,3.978
3.5,3.453
4.1,4.1
4.1,4.187
3.8,3.832
4.3,4.297
4.0,3.968
2.6,3.151
3.9,3.793
3.8,3.808
4.0,3.959
3.6,3.62
4.2,4.165
3.0,3.094
4.1,4.113
3.8,3.833
4.0,4.018
4.3,4.3
3.9,3.867
4.0,3.999
3.7,3.707
3.8,3.504
4.4,4.318
2.4,3.601
4.3,3.752
4.3,4.306
4.3,4.285
4.3,4.23
3.7,3.7
3.6,3.711
3.9,3.891
3.8,3.731
3.7,3.839
4.1,4.025
4.1,4.103
3.9,3.903
4.4,4.435
4.0,4.01
4.1,4.058
4.3,4.274
3.7,3.663
4.0,3.924
4.3,4.136
3.6,3.763
4.3,4.28
4.1,4.1
3.4,3.533
3.6,3.676
4.1,4.022
3.7,3.724
4.2,4.169
3.9,3.898
4.1,3.868
4.2,4.2
3.4,3.642
3.7,3.622
2.2,2.2
3.8,3.797
3.9,3.707
4.2,3.483
3.8,3.782
4.0,3.985
2.8,3.725
4.1,4.07
3.8,3.791
4.0,4.007
3.6,3.6
3.8,3.779
4.0,4.0
4.4,4.4
3.9,3.9
4.2,3.952
4.6,4.595
4.3,4.292
4.0,3.813
4.0,3.858
4.1,4.059
2.3,2.341
3.4,3.516
3.8,3.715
4.2,4.2
4.5,4.4
4.0,3.968
4.6,4.6
4.4,4.4
3.8,3.798
4.1,3.504
4.2,4.091
4.2,4.199
4.0,3.747
3.8,3.821
3.6,3.609
3.7,3.702
4.5,4.503
4.1,4.087
3.8,3.991
4.6,4.6
3.9,3.901
4.2,4.106
4.4,4.4
3.7,3.667
3.9,3.626
4.1,4.1
4.2,4.2
3.1,3.097
4.1,4.104
4.5,4.5
3.9,3.959
3.0,3.188
4.1,4.094
4.4,4.34
4.2,4.18
4.2,4.12
4.2,4.177
4.4,4.364
4.0,4.031
3.8,3.798
4.3,4.3
4.1,4.1
4.1,4.093
4.3,4.174
4.4,4.4
2.9,3.548
4.1,4.096
4.2,4.206
3.6,3.569
2.6,2.737
4.5,4.497
4.1,4.1
4.7,4.702
3.9,3.624
4.4,4.4
3.9,3.897
3.9,3.904
3.7,3.695
4.0,4.024
3.9,3.733
3.8,3.802
3.9,3.634
4.1,4.093
3.6,3.606
4.1,4.101
3.6,3.462
3.8,3.785
3.3,3.313
4.3,4.296
3.8,3.879
3.9,3.902
4.1,4.1
4.4,4.43
3.9,3.88
3.9,3.859
3.9,3.975
3.9,3.91
4.0,3.975
4.0,4.005
4.0,4.019
3.9,3.804
4.0,4.0
4.3,4.299
4.0,4.001
4.2,4.128
3.3,3.377
3.3,3.362
4.4,4.392
3.2,3.416
4.3,4.228
3.8,3.817
3.9,3.885
3.8,3.799
4.0,4.008
3.9,3.747
3.8,3.806
2.8,3.07
4.7,4.7
3.8,3.856
2.8,3.08
3.7,3.701
4.2,4.2
4.0,3.962
4.9,4.895
3.9,3.897
3.8,3.799
4.2,4.2
4.1,4.103
4.2,4.145
3.2,3.203
4.2,4.196
4.0,3.931
3.8,3.724
3.6,3.572
4.4,4.4
3.9,3.916
4.3,4.256
4.0,3.863
4.2,4.235
4.2,4.192
4.2,4.206
3.9,3.884
3.9,3.876
4.4,4.402
4.0,3.996
4.2,4.198
3.9,3.973
4.0,3.628
3.6,3.605
4.0,3.924
4.1,4.069
4.1,4.107
3.7,3.697
2.1,3.193
3.8,3.795
3.6,3.546
3.8,3.831
4.5,4.502
3.0,3.598
3.8,3.757
3.9,3.881
3.3,3.298
4.3,4.3
2.9,2.977
3.9,3.897
4.6,4.258
4.3,4.3
3.4,3.46
4.0,3.89
3.8,3.801
4.4,4.4
4.0,3.996
4.5,4.475
3.8,3.69
3.7,3.697
3.9,3.899
4.0,3.791
4.1,4.077
3.8,3.86
4.3,4.297
3.6,3.444
4.5,4.498
4.1,4.093
3.7,3.554
4.3,4.298
4.0,3.661
3.7,3.7
3.4,3.512
2.7,2.716
4.3,4.3
4.0,4.004
4.0,4.0
4.9,4.9
3.9,3.898
3.8,3.661
4.0,4.017
4.1,4.09
3.9,3.828
3.9,3.7
3.1,3.264
3.9,3.907
4.0,3.837
3.9,3.876
4.0,3.999
4.8,4.768
4.1,4.095
3.7,3.634
2.7,3.012
3.9,3.938
4.2,4.08
4.5,4.501
3.9,3.885
3.8,3.811
3.8,3.896
4.7,4.66
2.8,2.857
4.1,4.1
3.8,3.759
3.0,3.018
3.4,3.532
2.6,3.655
4.1,4.1
4.0,3.994
3.6,3.928
4.0,4.002
3.7,3.796
3.9,3.948
4.1,4.1
4.1,4.033
4.0,3.942
4.1,4.096
3.7,3.7
3.9,3.848
3.6,3.921
3.7,3.712
3.9,3.719
4.2,4.198
4.2,4.163
3.5,3.804
3.2,3.279
3.7,3.609
2.7,2.729
4.0,3.963
4.2,4.162
3.7,3.711
3.9,3.9
3.9,3.906
4.2,4.196
3.9,3.898
4.2,4.204
4.3,4.299
4.3,4.298
3.6,3.616
3.9,3.783
4.1,4.1
4.1,4.065
4.0,4.007
3.8,3.783
3.9,3.896
3.8,3.653
4.2,4.18
3.9,3.901
3.9,3.916
4.1,4.076
3.9,3.899
4.0,3.95
3.3,3.359
3.6,3.472
4.2,4.146
4.1,3.837
3.6,3.615
2.8,2.8
3.7,3.7
4.3,4.292
3.8,3.847
3.9,3.858
3.9,3.227
4.2,4.213
4.0,3.995
4.2,3.916
4.4,4.373
4.0,4.0
3.9,3.855
4.1,3.929
3.4,3.433
4.1,4.1
4.2,4.146
3.5,3.553
4.0,3.975
3.7,3.683
3.8,3.806
4.7,4.7
3.8,3.928
4.0,3.682
4.1,4.093
2.9,2.949
4.1,4.097
4.5,4.39
3.9,3.906
4.1,3.989
4.4,4.401
3.7,3.605
4.0,4.0
4.4,4.4
2.8,3.359
4.5,4.5
4.1,4.107
3.8,3.735
4.1,3.509
3.9,3.891
4.0,3.968
3.9,3.893
4.5,4.474
3.9,3.925
4.0,4.0
4.0,4.001
4.4,4.402
4.0,3.667
4.4,4.4
4.1,4.097
4.2,4.095
4.4,4.396
3.8,3.774
3.9,3.808
4.1,4.129
4.1,4.106
4.3,4.243
3.6,3.647
4.2,4.2
4.4,4.4
3.9,3.962
3.7,3.663
4.0,3.985
3.6,3.62
4.3,4.24
3.4,3.593
3.5,3.51
3.8,3.704
4.0,4.021
3.9,3.52
4.3,4.299
4.2,4.2
4.2,4.203
3.5,3.386
4.1,4.059
3.9,3.912
4.0,3.679
4.4,4.4
2.7,2.993
3.0,3.018
3.9,3.879
2.8,3.08
3.6,3.773
3.8,3.72
4.2,4.2
4.1,4.099
3.9,3.803
3.9,3.888
4.5,4.496
4.1,4.1
4.1,4.068
4.5,4.5
3.9,3.861
4.0,4.0
3.5,3.504
3.9,3.9
4.2,4.198
4.4,4.397
4.4,4.4
4.0,3.903
4.0,3.965
4.1,4.131
3.8,3.72
3.8,3.634
4.2,4.189
4.1,4.099
2.8,2.818
4.1,4.202
3.7,3.382
4.1,4.1
2.9,2.985
3.6,3.542
3.4,3.43
3.8,3.792
4.2,4.195
3.8,3.819
4.1,4.096
3.5,3.632
3.8,3.651
4.2,3.677
3.0,3.18
4.2,3.991
3.8,3.804
2.9,2.992
2.1,2.784
3.5,3.379
3.0,3.011
3.9,3.926
4.0,4.0
3.4,3.521
4.4,4.4
4.0,3.942
4.1,4.1
4.3,4.253
3.6,3.585
3.6,3.551
4.2,4.2
4.1,4.073
2.9,3.03
4.1,4.074
4.2,4.156
3.8,3.845
4.1,3.708
4.0,4.0
4.1,4.066
4.0,4.0
4.0,4.003
3.9,3.885
3.9,3.868
3.8,3.478
4.0,3.32
3.9,3.85
3.9,3.855
3.8,3.892
3.7,3.715
4.5,4.488
3.8,3.792
4.2,4.202
4.0,3.897
3.9,3.865
4.0,4.0
3.9,3.876
3.9,3.809
4.2,4.206
4.2,4.201
4.2,3.429
3.9,3.9
4.3,4.3
4.2,4.2
4.0,4.0
4.2,4.201
4.0,4.136
4.1,4.101
3.8,3.718
3.8,3.807
4.5,4.501
4.1,4.1
3.6,3.546
3.9,3.901
3.8,3.823
3.6,3.615
3.3,3.385
4.1,4.1
4.3,4.301
4.5,4.358
3.7,3.823
3.9,3.83
4.0,4.075
3.8,3.68
3.9,3.837
4.4,4.413
3.2,3.35
3.8,3.8
4.0,4.011
3.9,3.847
3.8,3.694
3.9,3.857
4.1,4.069
3.7,3.642
4.3,4.313
3.7,3.612
4.8,4.749
3.9,3.72
3.2,3.277
4.0,3.972
2.8,3.035
4.3,4.3
3.9,3.9
4.0,4.0
3.9,3.9
3.7,3.71
2.6,2.627
4.0,3.997
3.7,3.706
3.8,3.74
3.9,3.718
4.1,4.103
3.4,3.4
3.9,3.89
3.9,3.913
4.2,3.543
4.0,4.019
4.2,4.198
4.2,4.214
3.9,3.9
3.8,3.839
4.0,4.0
3.6,3.592
3.8,3.377
3.7,3.754
3.9,3.885
3.9,3.68
3.9,3.923
3.7,3.679
4.8,4.772
4.2,4.217
4.0,4.004
4.2,4.196
3.7,3.732
3.9,3.896
4.1,4.102
3.8,3.802
4.2,4.189
4.3,4.262
4.2,4.182
4.1,4.128
4.0,3.98
4.0,4.006
4.0,4.008
3.9,4.124
4.1,4.049
2.9,3.214
4.7,4.705
4.0,4.002
4.1,4.0
3.0,3.338
4.6,4.558
4.4,4.337
4.0,4.0
3.9,3.904
3.7,3.67
4.0,3.938
4.5,4.538
4.1,3.838
4.2,4.194
4.6,4.589
4.0,3.992
2.6,3.076
3.7,3.704
3.9,3.985
4.0,4.057
3.6,3.652
3.6,3.868
4.3,4.3
4.0,3.576
4.4,4.463
4.3,4.3
4.1,4.082
3.9,3.898
4.0,3.775
3.3,3.201
3.9,3.896
3.6,3.582
4.1,4.082
4.1,4.1
3.8,3.803
3.7,3.75
3.8,3.804
4.8,4.778
3.9,3.9
4.2,4.204
4.2,4.18
3.1,3.222
3.8,3.792
3.8,3.785
4.6,4.6
4.0,4.036
4.2,4.175
4.3,4.3
4.0,3.996
4.2,4.196
4.0,3.912
3.7,3.718
4.4,4.4
4.0,3.996
3.9,3.809
3.7,3.705
3.7,3.698
3.5,3.632
4.1,4.1
4.6,4.441
3.1,3.245
3.9,3.737
3.8,3.972
3.9,3.906
4.9,4.884
3.8,3.708
4.0,3.791
3.9,3.931
3.0,3.033
4.0,3.864
4.1,4.1
4.0,3.783
3.6,3.601
4.0,3.882
4.3,4.299
3.2,3.405
4.1,4.095
3.8,3.812
3.9,3.872
4.0,3.857
2.8,2.81
3.8,3.835
3.9,3.903
3.8,3.741
4.2,4.173
2.6,3.204
3.8,3.803
3.8,3.8
3.6,3.65
3.9,4.023
3.9,3.907
3.4,2.918
4.1,4.09
3.7,3.633
4.3,4.156
3.5,3.4
4.1,4.067
3.9,3.909
4.4,4.351
4.1,3.893
3.9,3.881
3.8,3.808
4.5,4.496
4.0,3.999
3.9,3.91
3.8,3.814
4.2,4.182
4.0,4.0
4.3,4.209
4.1,4.102
2.8,2.819
4.3,4.149
3.6,3.754
3.9,3.254
4.0,3.949
3.5,3.657
4.0,4.08
4.0,3.999
4.1,4.1
4.2,4.188
4.1,4.157
3.7,3.69
3.5,3.505
4.1,4.077
2.8,2.826
4.1,4.189
4.1,4.117
4.7,4.405
4.3,4.31
3.8,3.803
4.2,4.199
3.8,3.585
3.8,3.803
4.4,4.402
3.0,3.09
3.7,3.78
4.2,4.2
3.7,3.715
4.1,4.094
3.7,3.702
2.7,2.799
4.3,4.3
4.0,4.0
3.7,3.704
3.6,3.708
3.9,3.908
3.8,3.802
3.9,3.891
4.2,4.171
4.1,4.091
3.9,3.874
4.1,4.103
4.2,4.201
4.1,3.838
4.0,3.977
4.1,4.065
4.1,4.097
4.0,3.691
3.3,3.671
4.4,4.284
3.3,3.529
4.0,3.734
4.0,3.894
4.0,3.573
3.6,3.54
4.3,4.237
4.5,4.38
4.3,4.23
3.5,3.549
3.7,3.711
3.9,3.879
3.9,3.928
4.3,4.308
3.9,3.857
4.4,4.413
4.2,4.167
3.8,3.823
3.3,3.339
3.9,3.933
4.0,3.993
4.1,3.794
4.3,4.225
4.2,4.198
4.3,4.289
3.6,3.599
3.7,3.634
4.1,3.898
4.3,4.3
3.8,3.8
4.4,4.4
3.9,3.82
4.2,4.032
3.6,3.623
4.3,4.283
3.9,3.951
3.9,3.874
3.5,3.649
4.0,4.003
4.4,4.401
4.0,3.948
3.5,3.53
4.5,4.487
3.3,3.481
4.2,4.198
4.1,4.1
3.3,3.359
4.0,3.753
3.9,3.881
3.6,3.512
4.0,3.943
3.5,3.536
4.4,4.394
4.2,4.205
4.0,3.972
4.3,4.316
2.9,2.938
4.2,4.2
3.8,3.705
3.9,3.888
3.6,3.435
3.9,3.761
4.2,4.2
3.6,3.554
4.0,4.0
3.9,3.973
4.2,4.157
3.8,3.799
3.4,3.406
3.9,3.684
4.0,4.089
4.3,4.302
3.9,3.79
3.8,3.774
4.3,4.3
4.0,4.032
4.1,4.111
4.5,4.494
4.0,3.691
4.2,4.19
3.9,3.898
4.4,4.37
3.8,3.802
3.6,3.292
4.0,3.998
3.9,3.765
2.6,2.689
3.8,3.808
3.9,3.911
3.8,3.805
4.2,4.201
4.5,4.484
4.1,4.097
4.2,4.205
4.2,4.195
3.9,3.903
3.2,3.245
3.8,3.819
3.7,3.696
2.7,2.729
4.0,4.007
3.7,3.62
3.7,3.528
3.9,3.917
4.2,4.202
4.1,4.1
3.9,3.354
3.9,3.72
3.9,3.909
3.8,3.802
3.9,3.879
3.9,3.662
3.7,3.7
3.3,3.555
4.1,3.74
4.5,4.5
3.7,3.732
4.3,4.279
3.6,3.601
4.2,4.023
3.9,3.908
4.1,4.073
3.9,3.902
4.1,4.028
3.8,3.833
4.2,4.204
3.8,3.777
3.8,3.8
4.1,4.1
4.0,3.983
3.3,3.303
3.9,3.921
3.0,3.106
3.7,3.634
4.1,4.087
3.7,3.703
4.2,4.156
3.1,3.154
4.3,4.289
3.8,3.632
3.7,3.687
2.8,3.359
4.1,4.038
4.1,4.1
2.4,2.516
4.1,4.104
4.3,4.294
4.1,4.101
4.5,4.494
4.2,4.226
3.9,3.888
2.9,2.815
3.9,3.898
3.9,3.858
3.7,3.7
2.9,3.074
4.0,4.097
4.1,4.104
3.2,3.312
4.7,4.63
3.8,3.84
3.0,3.079
4.4,4.401
4.3,4.265
4.2,3.944
3.8,3.756
3.6,3.541
3.8,3.804
3.9,3.828
4.3,4.306
4.5,4.5
3.9,3.794
3.8,3.798
4.4,4.345
4.3,4.3
2.7,2.88
4.1,3.986
3.9,3.882
4.5,4.499
4.1,4.053
3.9,3.905
3.9,3.894
3.6,3.826
2.7,3.401
3.8,3.8
3.6,3.514
4.0,3.991
4.1,4.101
3.9,3.969
4.0,3.891
3.8,3.803
4.2,4.196
4.0,3.799
4.0,3.975
3.9,3.671
3.9,3.757
3.4,3.4
4.0,3.571
4.6,4.545
2.9,3.384
3.3,3.312
4.3,4.3
4.3,4.313
3.6,3.574
2.8,2.818
4.1,4.068
3.8,3.743
4.3,4.305
3.9,3.923
3.8,3.783
4.4,4.392
4.2,4.201
4.6,4.547
4.1,4.09
3.7,3.612
4.3,4.3
4.2,4.215
3.5,3.562
3.7,3.689
3.6,3.594
4.0,3.996
4.2,4.241
4.2,4.2
4.2,4.198
2.5,3.009
4.1,4.107
3.4,3.447
4.0,3.92
4.7,4.7
3.9,3.72
3.6,3.603
4.7,4.467
4.1,4.103
4.4,4.4
4.1,4.06
3.1,3.147
3.9,3.857
4.3,4.221
3.5,3.487
4.0,3.914
3.7,3.475
3.9,3.789
3.8,3.695
4.2,4.276
4.1,4.1
3.9,3.887
4.0,4.03
3.8,3.803
4.0,4.0
4.4,4.403
4.0,3.575
3.8,3.78
3.5,3.501
3.4,3.46
4.0,3.508
3.6,3.507
4.2,4.2
4.1,4.105
4.1,4.057
2.4,3.681
4.0,3.804
3.7,3.674
4.5,4.501
4.1,4.098
3.2,3.356
3.7,3.662
3.3,3.344
3.8,3.74
4.1,4.093
4.0,3.999
3.4,3.572
4.1,4.085
3.9,3.895
4.0,4.004
4.3,4.017
4.3,4.304
3.9,3.901
4.0,3.909
3.7,3.705
3.6,3.561
3.8,3.983
3.3,3.597
4.0,4.001
2.3,3.228
3.5,3.503
3.8,3.824
4.1,4.113
3.9,3.891
3.4,3.418
4.1,4.1
4.2,4.182
3.9,3.927
4.4,4.4
4.0,4.138
4.1,4.11
4.2,4.204
3.1,3.259
3.9,3.924
4.3,4.033
3.7,3.745
3.9,3.872
2.8,3.694
4.1,4.1
3.8,3.629
4.5,3.926
4.0,3.878
4.2,4.2
3.9,3.9
3.8,3.716
4.1,4.073
3.7,3.644
2.9,2.877
3.8,3.729
4.2,4.2
3.5,3.483
4.0,3.905
4.4,4.4
3.8,3.781
3.9,3.907
4.1,4.103
3.6,3.62
4.0,3.686
2.9,2.925
4.1,4.112
4.3,4.299
2.7,2.825
3.4,3.409
4.2,4.161
3.7,3.585
4.2,4.2
2.6,3.505
4.3,4.303
4.0,3.997
4.1,4.109
4.0,3.604
4.3,4.396
4.1,4.056
4.3,4.301
4.3,4.312
4.0,3.991
4.2,4.082
4.3,4.296
3.4,3.484
3.6,3.599
4.2,4.2
4.0,4.072
4.3,4.3
3.8,3.876
4.0,4.002
4.7,4.414
4.0,4.057
4.1,4.083
3.9,3.908
3.8,3.785
4.2,4.209
4.3,4.296
4.5,4.501
3.9,3.829
3.7,3.721
4.2,4.128
3.8,3.762
4.0,3.996
3.9,3.91
3.7,3.561
3.9,3.568
3.3,3.312
4.4,4.24
4.2,4.206
4.2,4.2
4.1,4.069
4.5,4.495
3.1,3.105
4.0,3.783
3.9,3.789
4.1,4.09
4.2,4.163
4.2,4.2
4.0,4.014
4.6,4.589
4.7,4.7
4.0,4.014
4.1,4.095
2.7,3.453
4.0,4.034
4.3,4.225
3.6,3.6
4.0,4.026
3.9,3.902
4.3,4.262
3.0,3.106
4.4,4.388
4.0,3.996
4.0,3.937
3.1,3.135
3.1,3.177
4.3,4.291
4.1,4.098
4.3,4.3
3.3,3.751
3.8,3.706
4.0,3.843
3.8,3.8
3.7,3.585
3.6,3.596
3.4,3.454
3.7,3.72
3.7,3.769
4.1,4.079
4.1,4.1
3.7,3.706
4.1,4.006
4.1,4.1
4.0,3.944
4.1,3.99
3.7,3.661
4.0,4.008
4.6,4.6
3.8,3.8
3.8,3.839
4.0,3.946
3.7,3.701
3.4,3.631
3.9,3.841
4.4,4.396
4.2,4.2
4.0,4.0
4.3,4.284
4.2,4.199
4.3,4.297
3.8,3.915
4.2,4.005
3.7,3.805
4.3,4.328
4.2,4.2
4.0,3.763
4.4,4.397
3.6,3.607
3.7,3.965
2.8,2.851
3.9,3.777
3.6,3.544
4.7,4.7
3.9,3.9
3.6,3.712
4.2,4.155
4.3,4.286
3.9,3.997
4.0,4.099
3.3,3.493
4.4,4.403
3.9,3.9
3.9,3.915
4.1,4.101
4.0,3.995
3.4,3.617
4.1,3.563
3.9,3.9
3.9,3.905
3.3,3.356
4.1,4.1
4.1,4.075
3.5,3.514
4.5,3.976
4.3,4.303
3.8,3.592
3.1,3.105
4.5,4.497
4.2,4.196
4.2,4.051
4.2,4.2
4.4,4.4
4.1,4.103
2.8,2.886
4.0,3.952
2.7,3.017
3.5,3.551
4.3,4.395
4.3,4.139
3.0,3.018
4.0,4.003
4.2,4.199
4.1,4.106
4.1,3.195
4.5,4.5
4.0,3.924
4.4,4.393
4.2,4.178
4.1,3.753
4.1,4.099
3.9,3.925
4.0,4.037
3.3,3.304
3.1,3.289
4.7,4.705
3.9,3.864
4.5,4.5
4.0,3.931
2.4,3.056
3.7,3.827
3.8,3.849
4.1,4.098
4.2,4.187
4.4,4.361
4.0,3.953
4.1,4.098
4.2,4.201
3.8,3.802
4.1,4.087
4.3,4.229
4.1,4.114
3.9,3.901
3.6,3.773
4.1,4.11
4.2,4.226
4.1,4.102
2.7,2.716
4.2,4.204
3.8,3.882
3.7,3.681
4.3,4.298
4.2,4.203
4.0,3.892
4.0,3.983
3.3,3.371
3.2,3.201
3.0,3.402
3.9,3.876
3.6,3.605
3.9,3.741
3.8,3.813
4.4,4.272
3.7,3.611
3.9,3.897
4.3,4.292
4.5,4.535
3.8,3.813
4.3,4.245
4.1,3.999
4.2,4.172
4.4,4.384
3.6,3.643
4.2,4.211
4.0,3.996
4.1,4.099
2.8,3.021
3.9,3.895
4.4,4.398
3.8,3.812
3.8,3.806
4.1,4.097
3.8,3.659
4.1,4.1
3.9,3.903
4.3,4.286
4.1,4.096
4.4,4.394
2.8,2.926
4.3,4.283
4.1,4.093
3.9,3.927
4.4,4.4
3.5,3.5
4.2,4.179
3.8,3.849
4.0,4.008
4.0,4.004
4.3,4.211
4.1,4.189
3.9,3.859
4.3,4.08
3.8,3.8
4.4,4.41
4.5,4.502
3.7,3.743
4.0,3.953
3.9,3.913
3.8,3.836
4.4,4.4
4.1,4.094
3.9,3.855
3.5,3.569
4.1,4.095
4.3,4.3
4.1,4.067
4.3,4.302
3.8,3.786
3.9,3.878
4.0,4.024
3.5,3.39
4.9,4.803
4.3,4.278
4.4,4.4
3.2,3.265
4.3,4.264
3.8,3.669
4.5,4.489
4.1,4.063
3.7,3.707
4.2,4.168
4.9,4.872
4.1,4.101
4.1,4.101
4.5,4.477
3.8,3.809
3.7,3.708
3.7,3.856
4.0,4.052
4.3,4.304
4.3,4.3
4.3,4.304
4.0,3.957
3.8,3.928
4.2,4.212
2.8,3.032
3.6,3.663
2.8,2.917
4.4,4.398
4.0,4.0
3.9,3.92
4.0,3.985
3.7,3.726
2.8,3.491
3.8,3.646
3.6,3.672
4.3,4.3
4.1,4.049
4.1,4.1
4.2,4.2
3.9,4.003
4.4,4.34
4.1,3.876
3.7,3.649
3.8,3.735
3.7,3.634
3.1,3.027
4.1,4.098
3.7,3.698
4.2,4.185
3.9,3.906
4.1,4.082
4.2,4.2
4.3,4.217
4.4,4.456
3.0,3.222
3.8,3.828
4.0,3.983
3.7,3.693
3.8,3.832
4.4,4.362
4.0,3.906
3.5,3.877
3.6,3.652
3.6,3.251
3.7,3.609
4.1,4.106
3.9,3.898
3.8,3.552
4.6,4.606
3.7,3.736
3.9,3.884
3.9,3.893
4.0,4.003
3.9,3.902
4.0,3.895
2.8,3.134
4.0,3.991
4.1,3.834
4.0,4.011
3.6,3.638
3.3,3.264
4.4,4.416
4.6,4.602
3.9,3.859
3.8,3.487
4.1,3.834
4.0,4.062
3.7,3.724
4.3,4.221
4.3,4.345
4.1,4.1
3.9,3.808
4.0,4.0
3.5,3.565
4.4,4.407
3.4,3.446
4.3,4.27
4.7,4.655
4.2,4.146
3.0,3.234
3.8,3.799
4.2,4.125
2.8,3.08
2.9,2.474
3.8,3.814
4.1,4.099
4.8,4.8
3.8,3.8
4.0,3.985
2.9,2.9
3.9,4.069
3.8,3.846
4.3,4.265
3.9,3.617
3.1,3.237
4.1,4.209
4.2,4.202
3.9,3.9
3.4,3.437
3.9,3.858
4.6,4.598
3.9,3.558
4.3,4.299
3.9,3.905
4.2,4.181
4.1,4.223
4.2,4.12
3.7,3.692
4.1,4.134
4.2,4.19
4.0,3.999
2.9,2.961
4.6,4.59
3.6,3.641
2.8,3.812
3.9,3.942
4.3,4.302
3.8,3.487
4.2,4.24
3.8,3.797
3.4,3.405
4.3,4.313
3.9,3.693
4.0,3.77
4.1,4.102
4.3,4.296
4.2,4.175
3.9,3.879
3.6,3.608
4.4,4.38
3.8,3.801
4.1,4.096
4.5,4.497
3.9,3.39
3.8,3.864
3.9,3.901
4.3,4.289
4.3,4.3
4.2,4.209
4.2,4.157
3.4,3.467
3.8,3.849
3.1,3.257
4.1,3.91
4.5,4.485
4.0,3.976
4.0,4.025
3.8,3.721
4.1,4.119
4.0,4.0
4.0,4.07
4.2,4.134
4.1,3.838
4.0,4.003
3.7,3.72
4.0,3.984
3.9,3.899
3.1,3.302
3.8,3.335
3.7,3.435
4.2,4.198
3.7,3.673
4.4,4.37
3.8,3.8
3.9,3.902
4.0,4.0
4.1,4.1
4.0,3.966
2.6,2.62
3.8,3.828
2.9,2.975
4.4,4.4
4.3,4.293
4.2,4.207
3.4,3.4
4.1,4.085
4.0,3.957
4.3,4.3
4.1,4.062
3.9,3.867
3.8,3.8
4.3,4.296
3.9,3.964
3.7,3.716
3.1,3.161
3.7,3.693
3.8,3.779
4.0,3.978
4.2,4.219
3.8,3.812
3.2,3.0
3.8,3.561
4.0,3.995
3.9,3.92
3.9,3.843
2.8,2.704
4.0,4.0
4.2,4.215
4.1,3.696
3.9,3.92
3.7,3.712
4.0,3.912
4.0,3.973
3.8,3.772
4.3,4.295
4.5,4.523
3.9,3.899
4.3,4.208
4.1,4.094
3.8,3.888
4.2,3.99
4.2,4.225
4.3,4.298
3.9,3.928
3.8,3.799
3.8,3.803
4.1,4.049
2.5,3.656
3.8,3.762
4.3,4.301
2.9,3.018
4.2,4.263
4.5,4.5
4.2,4.098
4.1,4.112
3.2,3.286
3.9,4.151
4.1,3.762
4.1,4.102
4.1,4.1
4.0,4.102
4.2,4.035
3.6,3.56
3.9,3.859
2.3,2.721
3.7,3.713
3.9,3.866
4.0,3.97
3.0,3.134
3.9,3.933
3.9,3.995
4.2,4.2
3.1,3.329
4.1,4.016
3.8,3.824
3.4,3.361
3.8,3.743
3.6,3.59
3.6,3.618
4.0,3.87
3.8,3.806
4.1,4.091
3.9,3.913
4.3,4.292
4.2,4.216
3.8,3.747
3.8,3.801
3.2,3.675
3.8,3.751
4.1,4.1
3.7,3.588
3.5,3.49
3.9,3.844
3.7,3.771
4.2,4.051
4.0,4.003
2.9,2.963
3.9,3.9
3.7,3.679
4.3,4.297
4.5,4.431
4.0,4.048
4.3,4.3
4.1,4.05
3.9,3.894
4.7,4.7
3.3,3.445
3.8,3.834
4.3,4.279
3.8,3.804
3.6,3.609
4.1,4.1
3.8,3.786
3.8,4.001
3.9,3.822
3.8,3.805
3.6,3.6
3.6,3.605
4.4,4.403
3.6,3.617
4.1,4.083
3.7,3.501
3.4,3.416
3.8,3.525
4.4,4.401
4.0,3.963
4.0,4.036
4.0,3.941
3.6,3.611
4.2,4.202
3.6,3.509
3.7,3.588
2.6,3.064
4.2,4.189
3.8,3.803
2.7,3.038
4.3,4.3
3.9,3.862
4.0,3.989
4.5,4.486
2.8,3.555
4.1,3.824
3.7,3.706
3.9,3.888
4.7,4.385
3.9,3.897
3.5,3.565
2.6,2.797
2.9,2.917
4.1,4.111
3.6,3.603
3.9,3.832
4.4,4.39
4.2,4.023
4.4,4.4
3.7,3.733
2.8,3.061
4.2,3.811
4.0,4.003
4.2,4.207
3.9,3.904
3.6,3.676
3.8,3.721
3.9,3.919
4.2,4.2
3.7,3.649
4.0,3.89
4.2,4.2
3.9,3.992
4.2,4.069
3.8,3.8
4.2,4.2
3.8,3.749
2.9,3.04
4.2,4.192
3.6,3.505
4.2,4.134
4.3,4.22
4.8,4.795
4.5,4.525
4.0,3.979
4.3,4.278
3.9,3.897
4.5,4.5
3.9,3.874
4.0,4.005
4.0,3.989
4.0,4.029
4.5,4.465
4.2,3.547
3.7,3.69
4.9,4.895
4.3,4.239
3.8,3.803
3.3,3.226
4.4,4.211
4.0,4.018
3.2,3.2
4.1,4.063
3.6,3.345
3.9,3.87
4.1,4.11
4.1,4.106
3.9,3.873
4.3,4.29
4.1,4.079
4.3,4.304
4.4,4.296
3.8,3.854
3.6,3.604
2.8,2.889
4.2,4.204
2.9,3.548
3.0,3.017
3.9,3.885
4.1,4.065
3.8,3.8
3.9,3.871
4.1,4.007
2.8,2.862
3.9,3.877
3.6,3.637
4.1,4.057
3.8,3.778
4.0,3.759
3.6,3.634
4.4,4.37
4.2,4.2
3.6,3.754
3.7,3.698
4.3,4.3
4.2,4.192
4.3,4.309
4.3,4.286
3.2,3.239
3.7,3.651
4.0,4.0
4.1,4.055
3.8,3.789
3.9,3.881
3.9,3.861
3.9,3.9
4.1,3.995
4.1,4.093
4.0,4.009
2.6,3.301
4.1,3.965
4.4,4.406
3.8,3.8
4.5,4.482
3.4,3.401
4.1,4.088
4.3,4.292
3.6,3.704
4.0,4.007
4.0,4.0
3.8,3.803
3.8,3.895
4.2,4.2
3.7,3.655
4.1,4.099
3.9,3.907
3.8,3.755
4.1,4.026
4.0,4.0
4.1,3.936
4.9,4.9
3.8,3.991
2.9,3.532
4.1,4.097
3.9,3.877
3.8,3.792
4.3,4.3
4.3,4.301
4.4,4.368
3.8,3.807
4.0,4.0
3.8,3.762
4.3,3.651
4.3,4.293
3.3,3.363
3.7,3.708
4.1,4.103
4.6,4.599
3.9,3.906
4.0,4.009
4.1,4.1
3.8,3.779
3.9,3.782
4.0,3.818
3.7,3.673
3.8,3.8
4.0,3.985
3.8,3.805
4.4,4.406
3.1,3.237
3.9,3.87
3.7,3.752
4.3,4.297
3.6,3.494
4.0,3.992
4.0,3.999
4.0,3.988
3.1,3.106
4.2,4.169
4.0,4.037
4.1,4.051
3.6,3.629
4.1,4.1
4.9,4.9
3.9,3.874
4.1,4.1
4.1,4.1
3.3,3.481
4.1,4.109
3.9,3.901
4.0,4.0
4.0,3.971
2.9,3.037
3.7,3.745
4.1,4.018
4.4,4.4
3.9,3.913
3.9,3.538
4.2,4.197
3.4,3.73
4.6,4.597
4.1,4.101
3.2,3.933
4.1,4.1
3.7,3.751
3.7,3.714
2.9,3.096
4.2,4.199
4.2,4.18
4.2,4.183
3.9,3.783
3.5,3.509
3.8,3.808
4.5,4.494
3.5,3.465
4.1,4.101
3.4,3.709
3.8,3.698
4.1,4.094
3.7,2.984
3.7,3.697
2.9,3.089
3.9,3.949
3.9,3.908
3.9,3.902
2.6,3.151
3.5,3.514
4.3,4.284
4.3,4.297
3.8,3.884
4.1,4.021
4.0,3.994
4.1,4.049
4.1,4.073
4.1,4.1
2.8,2.843
3.7,3.703
4.1,3.994
3.7,3.735
4.1,4.03
3.6,3.757
3.8,3.782
3.9,3.765
4.0,3.156
3.9,3.897
3.9,3.753
4.0,3.95
3.9,3.711
4.3,4.173
4.3,4.272
4.0,3.958
3.8,3.529
4.4,4.258
4.5,4.454
3.9,3.9
4.4,4.4
4.1,4.108
3.9,3.786
3.9,3.782
4.1,4.116
3.9,3.906
4.6,4.485
4.3,4.276
4.3,4.302
3.0,3.07
3.4,3.411
4.0,3.857
3.9,3.92
3.6,4.025
4.1,4.1
3.6,3.605
3.9,3.902
3.5,3.5
4.0,3.944
4.3,4.265
4.6,4.561
4.1,4.013
3.9,3.775
4.5,4.532
3.8,3.806
4.4,4.4
3.8,3.939
4.0,3.983
2.9,3.037
3.8,3.417
3.6,3.578
4.5,4.491
4.2,4.196
3.8,3.79
3.6,3.836
3.9,3.881
4.2,4.2
4.6,4.6
4.0,3.967
3.7,3.699
4.2,4.2
3.9,3.84
3.8,3.804
4.5,4.498
3.6,3.964
4.1,4.1
3.5,3.236
4.0,4.0
4.1,3.907
4.3,4.345
4.0,3.716
4.5,4.5
4.3,4.298
3.7,3.717
4.0,3.939
3.9,3.911
4.0,3.563
3.7,3.728
2.8,3.06
3.5,3.567
3.5,3.517
4.0,4.018
4.1,4.1
4.3,4.302
3.5,3.518
3.9,3.969
3.8,3.614
4.2,3.724
4.0,4.0
4.1,4.065
3.9,3.878
3.9,3.893
3.6,4.025
3.8,3.813
3.7,3.715
4.4,4.403
4.0,4.0
4.7,4.406
3.9,3.901
4.2,4.215
4.4,4.4
4.4,4.4
4.0,3.995
4.2,4.194
3.8,3.727
4.2,4.206
3.9,3.841
4.0,3.884
4.0,3.823
4.6,4.595
4.2,4.161
4.4,4.4
4.4,4.4
3.6,3.676
3.8,3.791
3.5,3.5
3.3,3.343
2.6,3.655
3.8,3.82
3.7,4.271
4.4,4.364
4.2,4.199
4.1,4.09
4.1,4.093
4.3,4.261
2.9,3.557
3.6,3.698
4.8,4.781
2.6,2.689
3.9,3.886
2.8,2.887
4.5,4.476
3.9,3.821
3.1,3.106
3.4,3.438
2.5,2.527
3.7,3.677
3.7,3.731
4.4,4.409
3.7,3.579
4.1,4.096
4.0,3.996
4.2,4.2
4.3,4.289
3.9,3.94
3.1,3.11
3.9,3.872
3.0,3.076
3.9,3.9
4.6,4.594
3.9,3.893
4.0,4.0
4.4,4.388
3.7,3.674
4.1,4.115
3.9,3.894
3.8,3.7
3.8,3.746
3.8,3.763
4.4,4.3
4.0,3.976
4.3,4.23
3.1,3.278
3.7,3.703
4.0,3.998
3.0,3.029
3.9,3.908
4.0,3.986
4.3,4.304
4.3,4.293
3.0,3.0
4.0,4.001
3.6,3.604
3.8,3.799
3.5,3.996
3.9,3.89
4.1,4.003
2.4,2.756
4.3,4.3
3.9,3.886
4.3,4.3
4.3,4.3
3.6,3.703
4.0,3.992
4.6,4.594
4.0,3.269
3.9,3.89
3.7,3.714
4.0,3.977
4.1,4.099
3.6,3.598
3.7,3.716
4.1,4.095
3.8,3.784
4.2,4.2
4.3,4.3
4.4,4.398
3.6,3.635
3.8,3.817
4.0,3.9
4.1,4.109
3.6,3.604
3.0,3.188
4.4,4.262
4.3,4.227
3.8,3.353
4.4,4.357
4.1,4.011
4.2,4.238
3.6,3.547
3.8,3.805
3.8,3.812
4.0,3.992
3.5,3.505
3.5,3.508
4.2,4.226
3.9,3.902
4.3,4.3
3.9,3.907
4.2,4.107
3.9,3.836
4.2,4.171
4.3,4.3
4.0,3.998
3.9,3.895
2.9,2.959
4.1,4.16
4.2,4.186
4.1,4.102
3.9,3.759
4.0,4.0
3.6,3.353
3.8,3.807
4.3,4.049
4.0,3.991
4.2,4.195
3.9,3.834
4.0,3.875
3.1,3.358
3.8,3.856
3.9,4.034
3.8,3.786
4.5,4.5
3.9,3.856
3.5,3.503
3.7,3.693
4.2,3.945
3.7,3.704
3.4,3.405
4.2,4.207
3.8,3.812
4.1,3.898
4.3,3.987
4.3,4.302
4.4,4.387
4.2,4.204
4.2,4.187
4.0,4.0
4.1,4.107
2.5,2.917
4.1,4.089
3.8,3.654
4.1,3.74
4.0,3.931
4.0,3.969
2.0,2.043
3.6,3.585
3.7,3.65
4.1,4.1
4.1,4.09
3.9,3.459
3.9,3.861
4.1,4.159
4.2,4.2
3.2,2.89
4.4,4.402
3.9,4.018
4.2,4.2
2.9,3.248
4.0,3.837
2.6,2.737
4.2,4.195
3.9,3.894
4.0,4.027
4.1,4.099
4.2,4.2
3.8,3.787
4.1,4.103
3.7,3.71
4.1,4.107
3.6,3.7
3.8,3.805
4.1,4.1
4.1,4.01
3.6,3.711
3.9,3.883
4.0,4.048
3.5,3.513
3.7,3.618
4.4,4.401
3.8,3.651
4.2,4.174
2.9,3.138
4.2,4.061
2.5,2.761
3.7,3.798
4.7,4.684
4.0,3.964
4.0,4.006
3.9,3.653
4.0,4.009
4.0,3.655
4.0,4.03
3.1,3.308
4.0,4.046
4.1,4.109
4.9,4.785
3.8,3.802
4.1,4.086
3.7,3.667
3.8,3.804
4.8,4.772
4.0,3.916
4.1,4.083
4.0,3.943
4.1,4.09
4.4,4.4
4.1,3.903
3.9,3.872
4.2,4.2
4.2,4.184
3.9,3.799
3.2,3.492
4.0,3.801
3.8,3.841
2.7,2.712
4.2,4.197
3.5,3.556
4.1,4.1
4.4,4.395
4.3,4.228
4.1,4.1
4.0,3.991
4.2,4.2
3.0,3.006
3.8,3.796
3.0,3.052
4.3,4.3
4.0,4.089
3.9,3.914
3.8,3.8
3.7,3.763
4.3,4.3
3.1,3.155
3.8,3.821
4.0,3.998
4.6,4.597
2.4,2.411
4.0,4.057
3.6,3.595
4.1,4.093
3.9,3.891
4.4,4.4
3.5,3.603
4.2,4.028
3.9,3.9
3.7,3.69
3.9,3.81
4.0,4.079
4.0,4.001
3.8,3.814
4.0,3.609
4.0,4.069
3.9,3.9
2.8,3.015
4.1,4.171
4.0,3.985
4.1,4.104
3.0,3.09
3.3,3.347
3.4,3.672
3.8,3.786
4.7,4.7
3.6,3.329
4.0,4.011
2.7,2.815
4.0,3.571
3.8,3.777
3.8,3.439
3.1,3.213
4.2,4.2
4.1,4.107
3.7,3.795
3.9,3.854
4.7,4.655
4.9,4.873
3.9,3.911
4.2,3.899
4.0,4.047
3.9,3.891
3.8,3.811
4.3,4.299
3.8,3.63
3.9,3.902
4.4,4.424
4.0,3.957
4.5,4.5
3.7,3.684
2.8,2.806
3.8,3.782
3.8,3.693
4.5,4.474
2.2,3.548
4.3,4.228
2.6,3.022
3.8,3.69
3.9,3.929
4.3,4.304
4.2,4.197
3.8,3.817
3.3,3.374
4.7,4.683
4.4,4.148
4.4,4.397
4.0,3.989
3.9,3.796
4.2,4.166
3.9,3.9
3.9,3.866
4.4,4.4
2.7,2.7
4.0,4.039
3.9,3.901
3.6,3.56
4.0,4.021
3.7,3.705
3.8,3.806
3.8,3.788
4.0,3.99
4.1,4.1
4.1,4.096
3.6,3.647
3.7,3.7
4.2,4.06
3.8,3.801
4.1,4.135
3.9,3.836
4.2,4.166
4.1,4.085
3.8,3.728
2.8,2.818
3.4,3.401
3.8,3.802
3.6,3.703
2.8,2.961
3.8,3.812
3.8,3.806
3.9,3.704
3.8,3.729
4.0,3.996
3.7,3.7
4.4,4.4
3.9,3.902
4.2,4.202
4.0,4.0
4.3,4.292
4.1,4.073
3.8,3.844
4.2,4.203
4.0,3.97
3.8,3.801
4.4,4.316
3.8,3.723
3.4,3.783
3.8,3.845
4.1,4.051
3.7,3.975
3.7,3.706
4.1,4.075
2.6,3.104
3.8,3.78
3.6,3.426
4.0,4.079
4.0,3.83
4.4,4.4
4.1,4.103
4.3,4.289
4.6,4.374
3.8,3.712
3.4,3.434
4.1,4.085
3.7,3.83
4.3,4.019
4.1,4.137
3.5,3.537
4.2,4.227
3.9,3.905
4.1,4.086
4.2,4.09
4.0,3.996
3.9,3.877
3.3,3.3
3.5,3.379
3.0,3.237
3.6,3.585
4.0,3.697
4.2,4.146
3.5,3.603
4.0,3.85
3.8,3.78
4.2,4.198
3.7,3.628
3.8,3.75
4.2,4.2
3.0,3.011
4.3,4.281
3.9,3.9
3.8,3.81
4.1,4.082
3.9,3.961
3.9,3.853
4.7,4.114
3.8,3.767
3.7,3.743
3.5,3.598
4.2,4.022
4.5,4.531
3.9,3.889
4.1,4.2
4.0,4.053
3.7,3.566
3.9,3.557
4.1,4.095
3.8,3.788
3.9,3.701
3.8,3.834
4.3,4.239
4.6,4.494
3.6,3.969
3.8,3.806
4.3,4.3
4.4,4.371
4.2,4.197
3.9,3.91
3.3,3.309
3.2,3.797
4.2,4.2
4.0,3.998
4.0,4.016
3.7,3.718
3.9,3.91
4.1,4.091
3.9,3.889
4.4,4.266
4.1,4.1
4.2,4.203
3.9,3.899
4.2,4.136
4.0,3.977
4.0,3.867
3.9,3.882
3.8,3.678
4.2,4.22
3.9,3.902
3.2,3.223
3.8,3.514
3.8,3.803
2.8,2.828
3.7,3.7
3.0,3.131
3.1,3.228
4.3,4.311
4.2,4.111
3.5,3.525
3.2,3.204
2.4,3.889
3.5,3.532
2.3,2.745
4.2,4.2
3.8,3.863
3.8,3.801
3.9,3.791
4.1,4.104
3.8,3.852
4.0,4.0
3.9,3.948
4.5,4.438
3.7,3.703
4.1,4.03
3.9,3.902
4.1,4.095
3.2,3.34
4.0,4.012
3.1,3.289
4.2,4.202
3.9,3.947
3.5,3.489
4.0,3.99
3.3,3.597
3.1,3.371
3.7,3.706
3.8,3.847
4.3,4.206
3.8,3.796
3.9,3.9
4.5,4.5
4.0,4.001
4.2,4.198
3.9,3.882
3.9,3.89
3.8,3.8
3.9,3.774
4.0,3.858
3.9,3.755
3.6,3.676
4.2,4.201
3.6,3.619
3.9,3.945
3.6,3.964
3.8,3.787
4.0,3.963
3.9,3.915
3.7,3.546
3.9,3.835
3.2,3.646
4.1,4.076
4.3,4.302
4.1,4.135
3.8,3.844
3.6,3.62
2.9,2.815
3.8,3.804
4.2,4.205
3.8,3.647
3.6,3.592
3.8,3.878
4.0,3.98
4.0,4.014
4.5,4.5
3.4,3.46
4.3,4.195
3.7,3.7
4.2,4.266
3.9,3.886
3.7,3.74
3.4,3.415
3.3,3.645
4.6,4.6
3.7,3.681
3.6,3.933
3.8,3.751
3.8,3.691
4.1,4.095
3.6,3.602
4.3,4.3
3.0,3.8
4.3,4.277
4.1,4.397
2.9,2.983
3.0,3.113
4.1,4.059
4.6,4.584
3.9,3.915
3.7,3.687
4.2,4.2
4.2,4.197
3.9,3.872
3.6,3.662
4.5,4.451
3.9,3.886
4.3,4.29
4.3,4.301
4.3,4.3
4.1,4.1
3.2,3.2
4.4,4.401
2.6,3.704
3.9,3.927
3.0,3.276
4.5,4.501
4.1,4.082
2.8,2.961
4.0,4.003
2.9,3.077
4.0,4.01
2.9,3.176
4.2,4.2
4.0,3.269
4.5,4.5
4.0,3.995
4.0,4.069
4.1,4.09
4.3,4.303
4.1,3.841
3.9,3.913
2.9,3.062
2.8,3.899
4.4,4.4
3.9,3.784
3.8,3.801
3.9,3.848
3.8,3.696
3.9,3.89
4.1,4.249
4.0,3.792
4.1,4.101
4.3,4.273
4.0,3.967
4.0,3.983
3.3,3.388
2.8,3.899
2.9,3.002
3.5,3.514
3.9,3.735
2.7,3.366
3.2,3.593
4.1,4.032
3.8,3.79
4.3,4.154
4.3,4.291
4.2,4.201
3.0,3.257
3.6,3.614
4.0,3.347
4.1,4.1
3.9,3.899
3.6,3.581
3.9,4.013
3.8,3.801
4.4,4.292
3.8,3.775
3.9,3.896
4.3,4.221
3.8,3.645
3.5,3.532
4.2,4.183
4.0,3.99
4.0,3.736
4.0,3.967
4.3,4.3
3.3,3.395
4.5,4.488
4.4,4.4
3.9,3.921
4.6,4.584
3.5,3.514
4.5,4.5
4.1,4.102
3.0,3.608
4.0,3.981
4.1,4.087
4.2,4.199
3.7,3.694
4.0,4.0
3.9,3.965
4.0,3.826
4.1,4.1
3.8,3.819
4.1,3.38
3.7,3.647
4.3,4.303
3.4,3.66
4.0,4.002
4.2,4.201
3.3,3.331
3.8,3.8
2.8,3.134
4.1,4.1
4.1,3.244
4.4,4.392
3.9,3.864
4.4,4.398
3.8,3.8
3.7,3.706
4.3,4.299
3.1,3.253
4.1,4.1
4.3,4.299
4.0,3.982
4.4,4.4
4.2,4.238
3.9,3.923
4.4,4.399
4.2,4.18
3.9,3.901
3.9,3.903
3.9,3.903
3.8,3.851
3.9,3.634
4.1,4.105
4.0,4.004
4.1,4.037
3.9,3.86
4.8,4.79
4.1,4.155
4.2,4.203
4.1,4.096
3.1,3.368
3.5,3.496
4.0,4.0
4.1,4.08
3.1,3.298
4.0,3.991
3.7,3.7
4.0,3.381
4.3,4.264
3.9,3.844
2.8,2.956
2.9,2.985
4.3,4.083
4.4,4.388
3.9,3.805
4.0,4.0
3.7,3.656
4.8,4.675
3.8,3.799
3.9,3.858
3.7,3.523
3.6,3.405
3.9,3.823
4.3,4.304
4.4,4.386
4.1,4.093
4.1,4.222
3.0,3.025
3.7,3.873
3.9,3.909
4.1,4.038
3.9,3.93
3.5,3.738
4.0,3.936
4.7,4.7
4.1,4.1
4.5,4.496
3.8,3.8
3.9,3.836
3.6,3.602
3.9,3.907
3.9,3.851
3.8,3.761
4.3,4.3
4.1,4.019
3.9,3.899
4.2,4.2
3.6,3.572
3.3,3.327
4.5,4.501
4.1,4.104
3.8,3.788
4.0,3.975
4.3,4.295
3.9,3.907
3.8,3.796
4.2,4.153
3.9,3.934
4.2,4.178
4.4,4.364
4.1,4.1
4.4,4.347
4.1,4.085
3.9,3.87
4.3,4.297
3.8,3.785
3.9,3.52
4.2,4.179
3.6,3.613
3.6,3.621
3.8,3.801
4.0,3.995
4.0,3.985
4.1,4.015
4.0,4.0
3.6,3.591
3.8,3.324
3.6,3.714
2.7,2.755
3.8,3.639
3.7,3.704
3.9,3.9
3.3,3.651
4.1,3.708
4.1,4.1
3.8,3.808
4.1,4.096
3.9,3.912
4.5,4.5
3.6,3.539
4.0,3.99
4.0,3.985
4.0,3.522
4.3,4.3
4.3,4.3
4.1,4.096
4.1,4.098
4.2,4.196
4.0,3.999
4.1,4.105
4.0,4.001
4.2,4.201
3.7,3.59
4.4,4.276
3.8,3.744
4.5,4.323
3.9,3.9
3.9,3.87
4.1,4.099
4.0,4.0
4.1,4.086
3.7,3.735
3.9,3.957
3.8,3.724
4.3,4.256
3.7,3.71
2.0,2.041
4.0,3.933
3.9,3.795
4.2,4.195
4.3,4.173
4.0,3.43
3.9,3.858
4.4,4.397
3.9,3.905
4.5,4.495
4.1,4.116
4.2,4.201
4.0,4.0
4.0,4.008
4.0,3.807
3.9,3.755
2.9,3.384
3.8,3.794
4.2,4.245
3.8,3.794
4.1,4.034
4.0,3.921
3.9,3.851
4.1,4.1
3.8,3.815
3.9,3.829
3.8,3.8
3.8,3.801
3.6,3.62
4.1,4.097
4.1,4.084
3.7,3.69
3.3,3.111
3.9,3.878
3.9,3.886
3.6,3.562
4.1,4.099
3.8,3.785
4.1,4.052
3.8,3.772
3.7,3.693
3.8,3.79
4.5,4.485
2.6,3.63
3.9,3.901
4.4,4.407
4.2,4.2
3.4,3.451
3.6,3.621
3.8,3.817
4.3,4.189
3.5,3.501
4.5,4.5
4.0,3.929
4.0,3.98
4.3,4.161
3.8,3.806
4.0,3.971
4.4,4.39
3.9,3.918
4.2,4.201
4.0,4.054
3.8,3.819
3.9,3.868
4.3,4.301
4.0,4.031
3.5,3.901
3.8,3.813
4.3,4.267
4.4,4.4
4.0,4.008
3.9,3.899
3.7,3.72
4.3,4.22
3.8,3.814
4.0,4.058
4.1,4.118
3.9,3.719
3.9,3.826
2.7,2.893
3.4,3.456
2.3,2.78
3.8,3.721
4.1,4.1
4.0,4.016
4.4,4.34
3.5,3.562
4.3,4.069
3.7,3.677
3.9,3.918
3.8,3.806
4.3,4.298
4.0,4.061
2.7,2.7
4.0,3.959
4.2,4.278
4.3,4.297
4.1,4.108
4.1,4.007
3.8,3.803
3.9,3.811
3.9,3.793
4.1,4.069
4.4,4.248
4.3,4.297
3.2,3.365
4.1,4.098
4.0,3.933
2.5,2.846
2.5,3.152
4.2,4.199
4.2,4.201
4.6,4.584
3.9,3.853
3.7,3.774
3.1,3.135
4.1,3.96
4.3,4.299
4.0,3.995
3.6,3.547
4.1,4.1
3.9,3.897
3.9,3.89
4.2,4.2
4.3,4.292
3.4,3.453
3.8,3.811
3.8,3.92
3.8,3.801
3.7,3.819
3.9,3.688
4.1,4.197
4.2,4.194
3.5,3.505
3.9,3.863
4.5,4.5
4.4,4.325
4.0,4.073
3.9,3.911
4.0,3.446
4.0,3.995
4.2,4.201
4.1,4.085
4.2,4.176
2.7,2.9
3.9,3.527
3.8,3.518
4.3,4.35
4.4,4.408
4.0,3.991
4.3,4.291
3.8,3.849
4.6,4.599
4.3,4.289
4.3,4.299
3.1,3.255
4.0,4.0
2.4,2.418
2.9,2.919
4.3,4.221
2.8,2.888
4.0,4.085
4.1,4.052
4.1,4.1
2.9,3.08
3.6,3.605
3.7,3.711
4.3,4.301
3.1,3.068
3.6,3.629
4.3,4.3
3.8,3.719
3.9,4.047
3.6,3.685
4.5,4.495
4.8,4.749
3.9,3.867
4.2,4.189
4.0,4.168
3.0,3.279
3.7,3.611
4.2,4.207
3.8,3.71
3.9,3.893
4.0,3.909
3.9,3.915
3.9,3.819
3.7,3.764
3.8,3.799
3.1,3.385
3.5,3.497
3.1,3.208
3.9,3.903
4.0,3.902
4.0,3.67
4.1,4.092
4.1,4.1
3.7,3.7
4.1,3.979
3.9,3.87
4.0,3.995
4.3,4.303
3.4,3.401
3.7,3.69
4.0,3.99
3.9,3.901
4.7,4.69
4.1,4.072
3.9,3.9
4.4,4.4
3.8,3.737
3.8,3.803
4.7,4.705
4.5,4.476
3.9,3.906
3.6,3.669
4.1,4.04
3.7,3.706
4.1,4.1
3.6,3.306
4.3,4.285
3.9,3.884
4.6,4.521
4.0,3.993
4.4,4.408
3.7,3.834
4.1,4.045
4.0,4.011
4.3,4.297
4.1,4.096
3.9,3.887
4.4,4.252
4.5,4.491
3.7,3.686
3.9,3.759
4.0,3.932
4.0,3.997
4.1,4.077
4.0,3.996
3.9,3.882
4.1,4.101
4.5,4.5
4.2,4.185
4.0,3.748
3.6,3.471
4.4,4.379
3.7,3.583
3.8,3.789
3.7,3.7
4.3,4.269
3.9,3.911
3.9,3.81
2.8,3.39
4.1,4.047
4.2,4.2
3.7,3.711
4.1,4.093
2.8,2.871
3.8,3.757
4.1,4.105
4.4,4.381
4.1,4.084
4.1,4.098
4.0,3.859
3.9,3.834
4.1,4.115
3.3,3.371
3.6,3.6
3.9,3.901
4.2,4.197
3.9,3.609
4.2,4.208
2.9,3.015
4.4,4.391
2.3,3.228
4.2,4.188
3.5,3.555
4.2,4.079
2.8,3.889
4.2,4.192
3.8,3.746
3.2,3.452
3.9,3.906
3.7,3.545
4.0,3.897
2.9,2.905
4.4,4.379
4.2,4.181
3.9,3.908
3.7,3.703
3.9,3.887
3.7,3.663
4.6,4.6
4.6,4.485
4.1,4.1
3.8,3.782
4.1,4.1
4.3,4.185
2.9,2.918
3.8,3.821
4.3,4.284
3.9,3.907
3.9,3.697
3.6,3.623
2.2,2.366
3.9,3.815
4.0,3.997
4.5,4.476
4.4,4.4
4.0,3.956
4.1,4.078
4.4,4.31
4.5,4.5
2.1,3.193
4.0,4.01
4.2,4.2
4.1,3.981
4.2,4.201
3.9,3.89
4.2,4.2
3.8,3.899
4.1,4.1
2.8,2.832
3.7,3.617
3.7,3.614
4.5,4.238
4.0,3.943
3.8,3.665
4.0,3.82
3.3,3.353
3.3,3.551
4.3,4.3
4.0,3.988
3.8,3.784
3.6,3.305
4.4,4.4
4.2,4.246
4.1,4.069
3.7,3.732
3.9,3.864
3.9,3.897
4.0,4.0
4.4,4.394
4.1,4.1
3.6,3.529
3.4,3.483
4.2,4.17
3.9,3.903
3.7,3.726
4.3,4.305
2.9,2.9
4.1,3.995
3.8,3.803
4.1,4.187
3.2,3.225
3.5,3.545
3.0,3.017
4.2,4.19
3.7,3.705
4.3,4.29
3.6,3.606
3.8,3.73
4.2,4.2
3.1,3.297
3.9,3.895
3.9,3.902
4.1,4.115
3.8,3.757
3.6,3.677
4.0,4.005
4.1,4.09
4.2,4.2
4.5,4.416
4.1,4.082
4.6,4.096
4.3,4.3
4.4,3.923
3.9,3.904
4.1,4.085
2.2,2.218
3.9,3.805
3.9,3.901
3.6,3.474
3.8,3.814
3.9,3.863
3.4,3.62
4.2,4.134
3.8,3.757
4.0,4.019
4.0,4.337
4.4,4.476
4.1,4.089
3.8,3.698
3.9,3.895
4.2,4.198
4.1,4.099
4.2,4.182
4.0,3.987
4.0,4.016
4.1,4.1
4.5,4.502
4.0,4.024
3.9,3.883
4.3,4.295
4.2,4.168
4.4,4.398
4.1,4.155
3.7,3.744
4.1,4.101
4.0,4.0
4.1,4.001
4.5,4.491
4.0,3.997
3.9,3.879
3.5,3.46
3.6,3.623
4.0,3.998
3.0,3.25
3.8,3.8
3.1,3.147
4.3,4.3
4.9,4.802
4.4,4.394
3.9,3.898
4.1,4.1
4.2,4.2
4.2,4.2
3.7,3.686
4.2,4.131
3.9,3.846
4.5,4.393
4.0,3.96
3.8,3.797
4.3,4.301
3.9,3.901
3.4,3.571
3.9,3.903
4.2,4.2
4.1,3.924
4.0,4.053
3.8,3.802
4.0,4.085
4.3,4.249
4.2,4.255
4.2,4.2
4.0,3.991
4.1,4.085
4.0,4.0
4.3,4.297
3.1,3.136
3.8,3.8
4.1,4.087
3.4,3.453
2.9,3.619
4.6,4.586
3.8,3.793
4.1,4.102
3.7,3.762
4.2,4.216
3.9,3.905
3.6,3.518
3.9,4.727
4.3,4.3
4.5,4.499
3.9,3.851
3.8,3.8
3.9,3.9
4.0,4.017
3.7,3.229
4.4,4.404
3.6,3.59
4.1,4.107
3.7,3.752
3.7,3.705
4.3,4.304
4.1,4.093
3.1,3.232
4.1,4.113
3.6,3.577
4.2,4.145
4.0,3.908
3.8,3.803
3.8,3.797
3.8,3.783
4.0,3.948
3.6,3.618
4.1,3.816
4.0,4.0
3.7,3.7
4.1,3.786
3.0,3.106
4.1,4.045
4.1,4.267
4.3,4.319
3.8,3.678
4.4,4.398
4.2,4.153
3.7,3.7
3.2,3.294
3.7,3.735
4.1,3.911
3.9,3.835
4.3,4.328
4.4,4.394
3.9,3.903
3.9,3.914
4.1,4.065
4.5,4.496
3.9,3.867
4.0,3.986
2.8,2.818
3.8,3.783
4.0,3.996
4.0,3.903
3.6,3.914
4.2,4.215
4.1,4.136
4.5,4.501
4.0,3.965
3.0,3.09
4.2,4.168
4.4,4.391
3.8,3.815
3.9,3.907
4.3,4.269
4.0,3.986
4.2,4.2
4.3,4.294
3.7,3.693
3.8,3.868
4.4,4.395
3.9,3.892
3.9,3.901
4.2,4.2
4.1,4.088
4.1,3.965
3.1,3.137
3.9,3.908
3.4,3.402
3.8,3.785
3.7,3.663
3.9,3.821
2.5,2.516
3.0,3.156
3.6,3.798
3.2,3.308
3.9,3.844
4.3,4.3
3.7,3.773
3.4,3.365
4.2,4.198
3.8,3.8
3.9,3.946
2.9,2.993
3.9,3.9
3.9,3.892
4.0,4.0
4.0,4.053
3.0,3.253
4.2,3.937
3.9,3.899
4.7,4.7
3.6,3.626
3.8,3.801
3.8,3.801
4.0,4.0
3.9,3.9
4.1,4.1
4.7,4.7
4.3,4.303
4.3,4.285
4.4,4.4
3.8,3.855
4.7,4.7
3.7,3.776
2.7,2.976
3.9,3.889
2.4,2.497
4.0,3.926
3.8,3.768
4.0,3.989
4.1,3.978
4.3,4.293
3.9,3.904
4.4,4.4
4.2,4.205
4.2,4.124
4.2,4.145
4.2,4.185
3.8,3.808
4.4,4.4
4.1,4.1
4.5,4.5
4.2,4.148
3.7,3.63
4.0,3.898
3.9,3.867
3.5,3.5
3.9,4.032
2.8,2.829
3.8,3.792
4.1,4.096
4.4,4.211
3.8,3.552
4.4,4.4
4.0,4.0
2.9,3.556
2.9,2.922
3.7,3.579
4.1,4.062
3.7,3.73
3.6,3.968
3.6,3.633
4.3,4.299
4.1,3.803
2.9,2.93
4.2,4.058
4.2,4.2
3.9,3.9
4.2,4.156
3.9,3.659
4.3,4.283
3.6,3.553
4.3,4.297
4.2,4.198
4.4,4.398
4.0,3.959
4.2,4.199
3.9,3.851
4.3,4.296
4.0,3.984
4.4,4.223
3.8,3.807
3.8,3.84
3.8,3.624
4.3,4.297
3.7,3.827
4.4,4.402
3.9,3.901
3.5,3.515
4.3,4.3
3.8,3.807
3.3,3.971
3.8,3.735
3.7,3.68
4.0,4.038
3.9,3.74
4.0,3.99
3.4,3.76
4.0,3.998
3.9,3.895
3.4,3.526
4.2,4.226
3.9,3.872
3.5,3.361
3.9,3.904
4.2,4.161
4.3,4.294
3.7,3.679
3.4,3.483
3.4,3.696
4.2,4.186
4.3,4.3
4.1,4.11
4.0,3.915
4.0,3.988
4.1,4.107
3.8,3.778
4.0,4.015
4.1,4.101
3.4,3.416
3.7,3.66
4.4,4.371
4.4,4.446
3.9,3.89
3.7,3.688
3.9,3.827
3.3,3.535
3.8,3.814
3.5,3.603
3.9,3.907
4.0,4.001
4.3,4.256
2.7,2.825
3.7,3.71
4.0,4.0
2.8,2.917
4.2,4.154
4.5,4.5
3.7,3.568
3.4,3.607
4.3,4.304
4.5,4.202
3.9,3.891
3.9,3.832
3.9,3.874
4.2,4.235
4.5,4.5
4.4,4.413
3.9,3.833
4.4,4.399
3.7,3.402
3.8,3.717
4.2,4.197
4.1,4.063
3.9,3.888
4.1,4.096
2.7,2.727
3.9,3.899
3.6,3.704
3.0,3.077
3.9,3.901
4.4,4.4
4.3,4.109
3.5,3.417
2.6,3.704
3.9,3.874
4.1,4.064
3.8,3.744
4.1,4.086
3.6,3.61
2.8,2.897
2.7,3.366
3.7,3.753
4.3,4.277
4.0,3.999
3.9,3.9
3.3,3.422
4.2,4.15
4.1,4.086
4.0,4.01
4.3,4.168
3.6,3.596
3.9,3.704
4.2,4.2
3.8,3.808
4.0,4.0
4.1,4.073
3.5,3.577
3.9,3.895
3.1,3.107
3.6,3.577
4.3,4.291
3.8,3.801
4.1,4.106
4.4,4.4
4.1,4.069
3.9,3.902
4.4,4.349
3.4,3.612
3.6,3.582
3.7,3.675
3.3,3.362
3.9,3.896
4.3,3.61
3.8,3.8
3.6,3.666
4.3,4.289
3.8,3.87
2.7,3.011
3.5,3.508
4.2,4.029
4.0,3.982
4.3,4.279
4.5,4.5
3.8,3.786
4.1,4.1
4.3,4.3
4.5,4.5
3.7,3.692
4.2,4.179
3.9,3.914
4.1,4.037
2.8,3.038
4.1,4.105
3.8,3.81
3.7,3.695
3.6,3.622
4.5,4.467
3.8,3.815
4.0,3.964
4.5,4.326
2.9,3.387
3.9,3.884
4.2,4.225
3.6,3.764
4.2,4.203
3.6,3.5
4.1,4.097
3.6,3.636
3.6,3.601
4.1,4.079
3.8,3.84
4.3,4.233
4.4,4.402
4.1,4.111
2.1,2.419
3.5,3.561
4.0,3.848
4.2,4.192
3.8,3.863
2.2,2.2
4.1,4.1
3.9,3.973
4.1,4.066
3.8,3.792
4.2,4.2
3.9,3.9
3.8,3.8
4.0,3.995
3.8,3.803
3.9,3.945
4.0,3.971
3.2,3.365
3.7,3.737
4.4,4.4
3.3,3.543
4.4,4.211
4.1,4.101
3.9,3.9
4.3,4.241
3.8,3.801
3.5,3.55
4.3,4.164
3.6,3.592
4.1,4.095
3.2,3.239
3.8,3.801
4.0,3.971
2.7,2.659
3.1,3.106
3.6,3.636
3.8,3.876
3.9,3.879
4.0,3.997
4.3,4.295
2.4,3.636
4.4,4.4
4.1,4.112
3.9,3.907
3.8,3.799
4.4,4.392
4.3,4.289
3.9,3.933
3.8,3.8
3.7,3.676
3.9,3.893
3.9,3.707
4.1,3.925
3.9,3.354
3.9,3.763
3.8,3.801
4.3,4.302
4.5,4.5
4.1,4.103
4.0,3.996
3.4,3.521
3.4,3.454
4.2,4.146
3.4,3.402
3.8,3.811
4.4,4.398
3.9,3.319
3.8,3.792
4.0,3.876
4.3,4.292
4.3,4.297
4.0,3.974
4.1,4.104
3.7,3.53
4.3,4.304
3.0,3.018
3.7,3.667
3.9,3.784
4.3,4.293
4.1,3.991
3.9,3.906
3.6,3.489
3.9,3.89
4.3,4.31
3.9,3.901
2.9,3.048
4.2,4.201
3.9,4.003
3.9,3.908
3.4,3.4
4.2,4.159
4.4,4.415
4.1,4.093
4.3,4.292
4.1,4.1
3.3,3.467
3.2,3.35
4.1,4.052
4.1,4.082
4.2,4.132
4.3,4.3
4.2,4.184
3.9,3.901
3.4,3.346
3.6,3.454
4.3,4.311
3.9,3.904
3.8,3.801
4.3,4.2
4.1,4.109
3.5,3.515
3.9,3.919
3.5,3.379
3.2,3.572
4.3,4.304
4.4,4.408
2.6,2.797
4.1,4.1
4.4,4.401
4.1,4.094
3.9,3.871
4.4,4.402
4.0,4.001
4.2,4.201
3.8,3.686
3.9,3.895
4.3,4.208
2.1,2.286
3.8,3.79
3.9,3.902
2.8,3.531
4.0,3.949
3.8,3.791
3.1,3.079
3.9,3.899
3.9,3.878
4.5,4.365
3.8,3.828
3.5,3.478
4.4,4.4
4.2,3.976
4.5,4.478
4.4,4.4
3.7,3.861
4.2,4.215
3.9,3.936
4.4,4.388
3.9,3.911
3.9,3.902
3.8,3.8
3.9,3.744
4.1,4.097
4.0,3.978
4.0,4.004
4.0,4.002
3.3,3.307
4.1,4.152
4.1,4.099
4.4,4.4
4.2,4.149
3.0,3.215
3.3,3.441
3.8,3.799
3.8,3.848
4.1,4.1
4.1,4.098
3.9,3.583
3.9,3.935
2.8,2.82
3.9,3.898
3.6,3.462
4.2,4.094
4.0,4.024
4.0,3.864
2.8,2.8
4.1,4.063
4.2,4.2
4.0,4.0
4.4,4.148
3.8,3.885
4.2,4.263
4.0,3.999
4.5,4.382
4.2,4.202
4.3,4.112
3.5,3.56
3.7,3.188
3.6,3.614
4.0,4.0
4.1,3.874
3.7,3.682
3.9,3.9
4.7,4.7
3.8,3.804
4.5,4.495
4.2,4.2
3.9,3.884
3.8,3.832
4.0,3.998
4.1,4.069
3.9,3.807
3.8,3.7
4.7,4.7
3.9,3.711
3.0,3.245
4.1,4.102
3.8,3.842
3.3,3.297
3.8,3.796
2.7,3.026
4.4,4.327
4.5,4.5
3.9,4.032
4.0,4.047
4.0,4.0
4.3,4.298
2.8,3.292
4.3,4.3
3.3,3.298
3.9,3.9
4.4,4.387
2.9,3.351
3.9,3.895
4.4,4.397
3.6,3.6
3.8,3.804
4.3,4.303
3.0,3.751
3.3,3.526
4.0,3.965
4.0,4.0
4.1,4.114
2.9,3.074
2.2,3.37
3.9,3.862
3.9,3.906
4.5,4.455
3.7,3.662
3.5,3.473
3.7,3.708
4.2,4.2
4.6,4.582
4.2,4.199
2.7,3.468
4.0,3.829
4.3,4.296
4.0,4.017
3.8,3.797
4.1,4.1
3.4,3.487
3.9,3.853
3.8,3.527
4.1,4.096
4.0,3.999
3.8,3.814
3.8,3.631
4.5,4.52
4.2,4.2
3.9,3.904
4.0,3.974
3.9,3.906
3.3,3.3
3.9,3.822
2.9,3.852
2.4,2.852
4.6,4.287
3.7,3.702
4.3,4.3
4.2,4.207
4.1,4.084
4.2,4.174
3.7,3.706
4.2,4.206
4.1,4.096
3.7,3.828
4.0,4.0
3.4,3.484
4.2,4.215
4.1,4.1
3.7,3.711
4.1,4.1
3.7,3.702
4.0,3.947
3.1,3.181
4.1,4.1
3.9,3.833
4.2,4.215
3.8,3.841
3.3,3.398
2.9,3.557
4.2,4.205
3.8,3.848
2.8,3.059
3.7,3.734
3.9,3.858
4.0,3.912
3.9,3.892
3.8,3.799
3.9,3.754
3.7,3.716
3.6,3.677
3.9,3.872
4.0,3.995
3.9,3.857
3.7,4.025
4.0,4.0
4.5,4.402
3.8,3.787
4.2,4.202
4.0,3.95
3.8,3.789
4.0,4.001
4.0,4.0
4.4,4.379
4.3,4.13
3.0,3.402
4.4,4.386
4.0,3.973
3.9,3.898
4.2,4.2
3.9,3.889
3.8,3.8
4.1,4.05
4.3,4.172
3.8,3.782
4.2,4.029
3.4,3.419
4.4,4.36
3.9,3.9
3.8,3.781
4.2,4.2
3.7,3.722
4.3,4.304
4.1,4.07
3.4,3.519
3.9,3.9
3.6,3.591
4.0,3.995
4.3,4.215
3.8,3.862
3.8,3.813
3.8,3.802
4.0,3.949
3.9,3.907
3.7,3.745
4.0,3.996
3.9,3.644
4.1,4.122
4.2,4.172
4.4,4.4
4.5,4.501
3.6,3.595
4.4,4.421
4.0,3.921
3.9,3.814
3.9,3.911
3.9,3.872
3.8,3.845
3.9,3.71
3.1,3.121
4.3,3.95
4.2,4.2
4.2,4.217
3.4,3.436
4.0,3.982
4.2,4.208
4.1,4.085
4.4,4.4
4.1,4.102
4.4,4.384
4.4,4.4
4.4,4.463
4.4,4.223
4.1,4.104
4.1,4.097
4.3,4.264
4.0,4.013
3.8,3.88
4.2,4.197
4.4,4.401
4.5,4.465
3.1,3.166
3.9,3.883
4.2,4.199
3.9,3.887
4.0,3.681
4.1,3.971
4.3,4.347
3.9,3.809
4.3,4.255
4.2,4.202
4.0,4.007
4.1,4.136
4.5,4.502
4.1,4.037
3.8,3.8
3.7,3.7
3.2,3.28
4.5,4.503
4.4,4.4
3.9,3.907
4.3,4.29
3.7,3.777
2.9,3.571
2.4,3.681
3.9,3.9
4.5,4.479
3.9,3.875
3.8,3.868
4.2,4.197
3.7,3.698
4.4,4.341
3.8,3.771
3.7,3.706
4.1,4.089
4.0,4.231
4.5,4.497
4.0,3.727
2.5,3.39
3.7,3.712
4.3,4.279
2.8,2.881
4.3,4.3
3.9,3.697
3.9,3.926
4.2,4.198
3.6,3.729
3.5,3.505
4.5,4.495
3.9,3.862
4.3,4.288
4.2,4.04
4.4,4.211
3.1,3.107
4.5,4.5
2.8,2.87
3.2,3.23
3.8,3.795
4.1,4.099
3.7,3.697
3.7,3.624
3.5,3.509
3.9,3.785
4.3,4.3
4.0,3.968
4.2,4.2
3.8,3.761
4.1,4.054
4.0,3.994
4.2,4.199
4.8,4.791
2.6,2.774
4.0,3.997
4.0,3.942
3.7,3.67
4.4,4.398
3.9,3.905
3.8,3.808
4.2,4.186
4.4,4.4
4.0,3.996
4.1,4.124
3.7,3.711
3.8,3.651
3.9,3.896
3.9,3.897
3.9,3.874
3.9,4.129
4.3,4.303
3.8,3.802
4.7,4.406
3.9,3.646
3.9,3.904
4.3,4.283
3.9,3.891
3.9,3.912
4.1,4.1
3.8,3.849
3.9,3.888
3.0,3.172
4.0,3.934
4.0,3.893
3.8,3.801
4.1,4.098
4.1,4.1
3.8,3.828
4.2,4.174
4.6,4.441
3.6,3.703
4.4,4.4
4.0,4.033
3.9,3.895
3.8,3.807
4.4,3.355
3.4,3.421
3.1,3.181
4.3,4.282
4.2,4.2
2.8,2.704
4.3,4.264
3.8,3.76
2.7,2.9
3.0,3.033
3.9,3.7
4.4,4.385
3.4,3.571
3.9,3.807
4.8,4.791
3.8,3.844
3.8,3.8
3.6,3.447
4.4,4.4
4.0,3.992
4.2,4.197
3.4,3.598
4.7,4.632
4.3,4.231
4.1,3.912
4.0,3.99
3.9,3.913
3.9,3.906
4.3,4.263
4.3,4.3
3.6,3.599
4.9,4.802
4.1,4.1
4.0,3.987
4.2,4.218
4.1,4.1
3.8,3.815
4.1,4.1
4.3,4.302
4.1,4.073
4.2,4.202
2.9,3.125
4.1,4.104
4.2,4.199
4.0,3.986
3.8,3.797
3.9,3.761
3.9,3.9
4.1,3.852
3.7,3.7
3.9,3.906
3.9,3.756
3.9,3.781
4.0,3.999
3.9,3.891
4.1,4.087
4.1,4.1
4.3,4.301
3.9,3.999
4.0,4.0
4.1,3.955
3.7,3.704
4.1,4.1
3.9,3.877
4.2,4.263
3.8,3.844
4.2,4.148
4.4,4.291
3.8,3.8
3.7,3.758
3.1,3.096
4.1,4.102
4.1,4.083
4.2,4.196
4.0,3.95
4.1,4.015
4.0,3.995
4.1,4.092
4.0,3.994
3.7,3.712
4.4,4.4
3.8,3.471
4.0,4.0
4.0,3.571
4.7,4.63
3.7,3.408
3.1,3.185
3.3,3.852
4.0,3.992
4.4,4.419
3.9,3.881
3.8,3.751
3.8,3.8
3.7,3.702
3.7,3.73
3.8,3.815
4.0,4.071
4.1,3.997
3.5,3.499
3.4,3.402
3.7,3.702
4.1,4.08
3.7,3.737
4.4,4.4
4.1,4.042
4.1,4.187
3.8,3.778
4.0,3.99
4.1,4.1
4.4,4.4
3.6,3.547
3.5,3.511
3.4,3.401
3.9,3.9
4.1,4.083
3.6,3.802
4.1,4.101
4.3,4.3
4.0,4.001
4.5,4.491
4.2,4.21
4.0,3.993
4.5,4.5
4.5,4.501
4.4,4.4
4.1,3.959
4.2,4.2
3.2,3.47
4.0,3.97
4.5,4.501
2.5,2.732
3.9,3.747
3.6,3.551
3.9,3.922
4.0,3.986
3.9,3.894
4.4,4.364
3.9,3.851
3.9,3.922
2.7,2.7
3.7,3.683
3.6,3.555
4.7,4.395
2.7,2.7
3.2,3.382
4.1,4.034
3.8,3.8
4.2,4.206
4.2,4.197
4.1,4.15
3.1,3.347
4.1,4.1
3.9,3.748
4.0,3.892
3.9,3.903
4.9,4.89
4.5,4.491
3.9,3.891
4.1,3.873
3.9,3.901
4.1,4.096
4.3,4.27
3.8,3.811
4.2,4.193
3.7,3.83
3.9,3.87
3.7,3.647
4.2,4.2
4.0,3.999
3.8,3.734
4.3,4.304
3.4,3.284
3.9,3.699
3.9,3.554
4.1,3.997
3.3,3.67
3.9,3.634
4.1,4.096
3.7,3.653
4.2,4.202
3.4,3.395
3.9,3.978
3.3,3.529
4.2,4.067
3.7,3.789
4.1,4.122
4.0,3.612
4.1,4.097
4.3,4.298
4.6,4.184
4.0,4.031
3.6,3.577
3.8,3.51
3.1,3.257
3.4,3.425
4.5,4.5
3.8,3.64
2.7,2.706
4.2,4.276
3.9,3.855
3.8,3.796
4.3,4.303
4.1,4.098
3.0,3.152
3.5,3.586
4.1,3.973
3.8,3.8
3.7,3.708
3.8,3.835
4.3,4.097
4.0,3.89
4.3,4.304
3.9,3.905
4.0,3.999
2.1,2.448
4.4,4.4
3.7,3.691
4.0,4.004
4.1,4.18
4.1,4.098
3.5,3.528
2.8,3.048
3.8,3.8
4.0,4.081
3.1,3.188
4.1,4.098
3.9,3.901
4.0,3.997
3.9,3.928
4.0,4.003
3.8,3.749
4.0,3.99
3.9,3.854
3.2,3.675
4.3,4.263
3.6,3.6
3.7,3.632
3.8,3.8
4.1,4.107
3.8,3.821
3.6,3.604
4.1,4.1
3.9,3.877
3.9,3.826
4.2,4.143
4.1,4.1
3.5,3.788
4.3,4.3
3.9,3.901
4.1,4.249
4.2,4.224
4.5,4.238
4.0,4.0
3.8,3.838
4.2,3.957
3.9,3.784
4.0,3.995
4.2,4.204
3.7,3.475
3.7,3.711
3.8,3.774
4.3,4.3
3.8,3.705
3.8,3.745
4.0,4.082
4.1,4.12
3.9,3.9
4.3,4.3
3.0,3.22
3.7,3.305
3.6,3.658
3.9,3.862
4.2,4.2
3.6,3.624
4.1,4.106
4.1,4.101
4.0,3.992
3.5,3.505
3.9,3.9
4.1,3.984
4.1,4.106
4.3,4.296
3.9,3.794
4.3,4.294
4.0,3.96
4.1,4.096
3.5,3.498
2.2,2.476
3.6,3.607
4.2,4.2
3.8,3.703
4.2,4.2
4.6,4.592
2.8,2.882
4.3,4.288
4.0,4.002
3.6,3.604
3.8,3.803
3.8,3.772
2.5,3.152
3.6,3.655
4.0,3.995
4.0,3.95
4.1,4.115
4.0,3.985
4.0,4.031
4.0,3.987
3.7,3.943
2.9,2.967
4.1,4.078
4.1,4.109
4.1,4.098
4.3,4.303
3.8,3.787
3.9,3.911
4.7,4.696
4.2,4.264
3.1,3.509
3.8,3.797
4.6,4.485
4.0,4.004
3.6,3.535
4.3,4.244
4.5,4.5
2.7,2.75
4.2,4.201
3.8,3.8
2.7,3.176
4.3,4.292
3.7,3.264
4.1,4.1
4.1,4.085
4.3,4.292
3.7,3.709
4.1,4.079
4.2,4.202
4.0,3.995
4.2,4.201
3.4,3.76
3.1,3.105
4.3,4.319
3.9,3.802
3.9,3.898
3.7,3.7
3.9,3.97
3.7,3.825
4.5,4.377
3.8,3.812
2.9,3.101
4.2,4.198
3.5,3.522
4.3,4.292
3.4,3.348
3.8,3.802
3.9,4.152
4.3,4.283
4.2,4.0
3.9,3.863
4.2,4.205
3.8,3.792
4.1,4.087
4.2,4.205
4.1,4.08
3.9,3.928
3.2,4.039
3.4,3.41
4.4,4.3
4.1,4.1
3.9,3.862
4.0,4.0
2.8,2.962
3.8,3.778
4.2,4.2
2.9,2.938
4.1,4.107
2.8,2.899
4.3,4.3
2.6,2.777
3.7,3.613
4.1,4.107
4.1,4.06
3.9,3.927
4.1,3.946
3.9,3.9
3.9,3.912
2.9,2.913
3.9,3.667
4.4,4.401
3.6,3.922
4.0,3.886
4.0,3.958
4.0,4.0
4.0,3.904
3.8,3.81
3.9,3.903
4.0,4.013
4.0,3.903
4.2,4.061
4.3,4.3
4.1,4.1
4.2,4.2
4.2,4.194
4.2,4.19
3.9,3.995
4.4,4.331
4.1,4.048
3.0,3.019
4.3,4.3
4.1,4.1
3.4,3.763
4.1,4.05
4.0,4.0
3.6,3.708
4.0,3.994
3.8,3.704
3.1,3.156
3.7,3.736
4.1,4.103
4.4,4.399
4.2,4.201
4.1,4.084
4.0,4.083
4.0,3.977
4.5,4.5
4.1,4.102
3.9,3.911
3.4,3.412
3.0,3.184
4.1,4.075
4.2,4.171
3.9,3.9
3.4,3.418
3.8,3.801
3.7,3.482
4.0,4.019
4.0,4.0
3.6,3.671
3.9,3.769
3.7,3.544
4.2,4.2
4.2,4.201
3.5,3.504
3.9,3.637
4.0,4.025
3.7,3.657
3.9,3.913
3.3,3.272
4.3,4.302
4.3,4.126
3.9,3.848
4.5,3.98
4.0,4.004
3.7,3.56
4.2,4.2
4.1,4.1
3.9,3.918
4.2,4.199
3.5,3.344
4.3,4.123
4.6,4.6
4.2,4.203
4.4,4.3
3.9,3.908
3.0,3.227
4.1,4.109
3.9,3.86
4.1,4.097
4.2,4.191
3.4,3.458
4.2,4.037
3.9,3.907
3.7,2.983
4.4,4.4
3.4,3.443
3.3,3.402
3.9,3.775
3.7,3.719
2.9,3.014
2.8,2.868
4.2,4.2
4.1,4.097
4.3,4.291
3.7,3.687
3.9,3.626
4.3,4.297
4.1,4.253
3.7,3.662
4.1,3.851
3.8,3.812
4.3,4.298
4.4,4.332
3.8,3.833
4.0,3.996
4.2,4.111
4.4,4.4
4.2,3.884
4.1,4.077
4.2,4.006
4.2,4.219
3.9,3.337
4.0,4.051
3.7,3.731
4.2,4.033
4.0,3.92
3.6,3.591
4.4,4.4
2.8,2.96
4.3,4.278
3.5,3.539
4.2,4.123
4.0,4.004
3.8,3.797
3.0,3.0
4.0,3.898
3.8,3.754
4.4,4.331
3.9,3.684
2.8,2.964
4.4,4.395
4.0,3.632
4.1,4.014
4.1,4.098
3.8,3.158
3.4,3.438
4.2,4.198
3.7,3.825
3.8,3.785
3.2,3.433
4.0,3.995
2.7,3.174
4.3,4.3
4.1,3.657
3.9,3.915
4.0,4.001
4.0,4.058
4.1,4.131
4.0,4.003
4.3,4.299
3.9,3.812
3.7,3.305
4.0,3.987
3.6,3.601
3.5,3.836
4.3,4.301
3.6,3.407
4.0,3.986
4.3,4.116
4.2,4.2
4.3,4.318
4.2,4.037
3.6,3.625
4.1,4.165
3.5,3.518
4.3,4.296
4.2,4.123
3.7,3.741
3.8,3.791
4.2,3.715
4.1,4.093
3.7,3.609
4.1,4.101
4.0,4.048
4.3,4.269
3.7,3.71
3.9,3.672
4.3,4.293
3.6,3.6
4.1,4.135
3.9,3.907
3.9,3.93
4.3,4.332
4.0,3.985
4.0,3.906
4.2,4.162
4.0,3.989
3.6,3.669
4.1,4.09
4.1,3.999
4.5,4.4
3.7,3.717
4.8,4.745
3.1,3.737
3.9,4.035
3.8,3.694
4.0,3.67
3.9,3.661
4.1,4.1
2.8,2.822
4.3,4.291
4.3,3.959
4.3,4.3
4.1,4.101
3.8,3.782
4.0,4.006
4.4,4.4
3.2,3.526
4.0,4.003
4.3,4.303
3.9,3.894
4.2,4.2
3.8,3.657
4.6,4.597
3.9,3.857
3.7,3.644
4.0,3.875
4.1,4.004
4.6,4.597
3.4,3.443
4.2,4.115
4.2,4.166
4.3,4.208
4.1,4.104
3.8,3.8
3.8,3.8
4.3,4.326
4.4,4.4
4.0,3.99
2.9,3.036
4.3,4.3
4.2,4.14
3.8,3.936
3.1,3.222
2.9,3.105
4.0,4.002
4.1,3.965
3.9,3.887
3.8,3.741
3.8,3.8
3.8,3.807
4.3,4.387
4.7,4.7
4.1,4.097
4.3,4.256
3.9,3.91
2.7,3.011
4.1,3.978
4.2,4.193
3.9,3.894
2.7,2.7
3.8,3.834
3.8,3.791
3.7,3.408
3.9,3.852
3.0,3.246
3.8,3.668
3.7,3.635
4.0,3.992
3.8,3.771
4.1,3.794
4.0,3.679
4.2,4.215
4.1,4.1
4.1,4.103
3.6,3.717
3.5,3.901
4.3,4.297
4.3,4.262
4.0,3.839
2.8,2.816
4.0,4.001
3.8,3.794
4.2,4.204
4.0,4.016
3.5,3.501
4.1,4.109
4.1,3.803
3.6,3.619
4.3,3.9
4.0,4.01
3.4,3.724
3.3,3.347
3.6,3.614
4.3,4.3
4.0,3.915
4.7,4.702
3.8,3.799
3.8,3.718
4.0,3.922
4.0,4.001
3.8,3.827
3.9,3.929
3.9,3.894
3.9,3.901
3.7,3.706
3.2,3.407
4.0,3.964
4.1,4.102
4.0,3.963
4.0,4.005
2.8,3.187
3.3,3.956
4.3,4.302
3.9,3.881
3.9,3.9
4.0,4.0
4.1,4.1
4.3,4.298
3.5,3.563
4.1,4.055
3.8,3.839
4.0,3.983
4.0,4.0
4.5,4.462
4.3,4.31
4.1,4.249
2.9,3.215
3.7,3.711
4.1,4.004
4.2,4.161
3.6,3.647
4.1,4.071
3.5,3.49
4.1,4.103
3.8,4.014
3.8,3.813
4.1,4.096
4.1,3.936
4.1,4.046
3.8,3.823
2.8,2.818
3.9,3.836
4.1,4.102
4.1,4.079
4.5,4.493
3.5,3.545
3.8,3.772
4.1,3.879
3.8,3.747
4.0,4.024
4.2,4.219
4.2,4.213
3.9,3.874
3.7,3.652
3.8,3.8
3.6,3.652
3.8,3.812
3.9,3.894
3.8,3.788
4.1,4.005
4.1,4.048
4.0,4.019
3.5,3.493
4.2,4.186
3.1,3.383
4.1,4.106
4.2,4.202
4.1,4.071
3.5,3.39
4.4,4.4
4.1,4.098
4.0,4.049
3.9,3.909
4.2,3.957
3.9,3.908
3.6,3.578
2.9,3.056
4.3,4.3
4.1,4.128
3.8,3.8
4.3,4.3
3.7,3.697
3.9,3.867
4.1,4.092
3.7,3.599
4.2,4.201
3.8,3.595
3.9,3.759
4.1,4.1
3.8,3.795
4.3,4.124
3.9,3.878
3.8,3.939
4.1,4.098
2.0,2.083
3.9,3.901
3.9,3.9
4.2,4.198
4.0,4.0
3.7,3.683
3.7,3.633
3.4,3.4
3.9,3.901
4.3,4.301
3.6,3.619
2.7,3.673
4.0,3.939
4.0,3.999
4.1,4.08
3.9,3.883
3.7,3.709
4.2,4.122
4.2,4.172
3.8,3.804
3.7,3.531
3.9,3.902
4.4,4.397
3.4,3.457
4.1,4.1
4.0,3.702
3.9,3.9
3.7,3.756
4.0,4.063
2.6,2.68
3.7,3.764
4.1,4.098
4.5,4.5
3.5,3.692
3.8,3.782
4.0,4.016
4.3,4.225
4.0,3.957
3.8,3.784
3.7,3.686
4.2,4.201
4.1,3.765
4.6,4.578
3.7,3.712
3.7,3.728
3.7,3.715
4.0,3.869
4.3,4.299
3.2,3.613
4.6,4.59
3.4,3.441
3.8,3.754
3.4,3.41
3.7,3.772
3.9,3.899
3.8,3.704
4.0,3.924
3.9,3.653
3.8,3.822
4.1,4.1
3.6,3.545
3.9,3.901
4.7,4.716
3.9,3.878
4.3,4.179
4.2,4.26
4.2,4.082
3.9,3.969
4.2,4.179
4.3,4.205
4.3,4.299
3.5,3.47
4.2,4.226
4.2,4.134
3.8,3.738
3.8,3.623
3.7,4.271
4.8,4.749
3.9,3.917
3.9,3.804
4.0,4.008
4.0,4.0
2.4,3.68
3.8,3.8
3.7,3.642
3.6,3.802
3.9,3.797
4.0,3.974
4.3,4.302
3.9,3.618
4.0,4.12
3.9,3.895
4.0,4.0
3.7,3.701
4.1,4.101
3.5,3.996
3.8,3.778
4.1,4.108
3.7,3.613
4.2,4.078
3.2,3.192
3.9,3.874
4.0,3.87
3.9,3.912
3.9,3.903
3.9,3.874
3.9,3.778
4.3,4.289
4.0,3.998
3.9,3.889
3.8,3.798
4.2,4.191
3.8,3.8
3.5,3.516
3.9,3.909
4.0,3.952
3.4,3.484
3.8,3.8
2.8,2.804
4.1,4.09
3.4,3.533
2.9,3.215
4.0,3.982
4.1,4.1
3.8,3.8
2.9,2.925
4.0,3.888
3.7,3.692
3.7,3.733
3.5,3.522
4.6,4.593
4.1,4.1
4.1,4.002
3.8,3.735
4.5,4.5
3.9,3.938
3.9,3.947
4.2,4.202
4.4,4.4
3.8,3.714
3.7,3.819
4.1,4.082
4.3,4.3
4.0,4.004
3.9,3.91
4.5,4.462
3.2,3.297
4.2,4.203
4.1,4.104
3.6,3.621
4.3,4.287
3.7,3.7
3.7,3.692
3.8,3.875
4.2,4.182
3.0,3.017
3.7,3.766
2.9,2.927
3.9,3.877
4.1,4.083
4.0,4.0
3.8,3.821
3.9,3.788
3.0,3.541
4.2,4.201
4.2,4.195
3.7,3.682
4.2,4.2
3.8,3.829
2.9,2.94
4.1,4.113
4.1,4.109
3.6,3.954
4.0,3.938
3.8,3.89
3.8,3.763
3.8,3.855
4.1,4.096
4.1,4.1
3.8,3.795
4.0,4.015
3.1,3.311
3.7,3.697
3.2,3.247
3.9,3.913
4.0,3.966
3.8,3.796
4.4,4.364
3.5,3.516
3.7,3.812
3.6,3.716
3.9,3.761
4.4,4.35
3.9,3.915
3.9,3.835
3.4,3.313
3.9,3.905
2.5,2.773
4.0,3.967
3.5,3.544
3.9,3.927
4.0,4.006
3.8,3.8
3.0,3.019
3.7,3.727
4.0,4.204
4.4,4.403
4.3,4.049
2.2,2.218
4.2,4.179
3.8,3.792
3.9,3.835
4.4,4.402
3.8,3.833
4.1,4.126
4.2,4.179
4.3,4.217
3.5,3.491
3.8,3.631
4.1,4.086
4.0,4.002
4.4,4.401
4.2,4.205
3.6,3.627
2.8,3.491
3.9,3.914
3.9,3.673
4.2,4.2
3.9,3.892
2.4,2.852
4.0,3.928
3.6,3.554
4.1,4.1
4.3,4.293
3.7,3.693
4.0,3.971
3.8,3.807
3.8,3.8
4.1,4.096
4.0,3.996
4.1,4.096
4.5,4.495
4.0,3.864
4.0,3.99
4.1,4.1
3.8,3.798
4.3,4.307
3.8,3.8
4.1,4.107
2.9,2.909
3.9,3.896
3.9,3.826
3.9,3.9
4.1,4.101
3.9,3.895
4.0,4.0
4.0,4.0
4.0,4.0
4.4,4.404
4.7,4.676
4.2,4.082
4.0,3.967
4.1,4.07
3.7,3.7
2.4,2.716
4.1,4.107
3.9,3.914
3.6,3.609
3.8,3.616
3.8,3.781
3.6,3.594
4.2,4.093
3.7,3.61
4.3,4.3
4.0,3.728
3.8,3.697
4.2,3.809
2.3,2.788
3.7,3.591
2.9,2.991
3.6,3.606
4.3,4.184
3.9,3.9
4.0,3.801
3.6,3.581
4.1,3.993
3.7,3.708
4.4,4.34
4.4,4.34
4.1,3.835
4.6,4.6
4.0,4.362
3.3,3.751
3.8,3.8
3.9,3.931
4.2,4.199
2.8,3.01
3.6,3.6
4.6,4.516
3.8,3.798
4.0,3.898
1.8,1.932
4.1,3.976
3.8,3.813
4.4,4.276
4.3,4.298
4.0,4.006
4.3,4.296
3.9,3.811
3.9,3.9
4.1,4.071
4.1,4.098
3.9,3.893
4.0,4.01
3.9,3.769
4.0,3.605
3.9,3.89
4.1,4.101
3.9,3.902
3.6,3.578
3.5,3.554
3.9,3.901
3.7,3.571
4.2,4.202
4.3,4.284
3.3,3.395
4.1,4.043
4.1,4.1
4.1,4.107
4.2,4.168
4.1,4.093
4.1,3.925
4.6,4.258
2.9,3.148
3.9,3.779
3.8,3.854
3.9,3.885
4.1,4.098
3.9,3.626
2.5,2.801
3.8,3.634
2.4,2.601
4.2,4.167
3.9,3.777
4.2,4.188
3.0,3.092
4.2,4.192
4.2,4.197
3.9,3.978
4.1,3.372
3.8,3.78
4.0,4.057
3.7,3.701
3.7,3.862
4.3,4.292
4.2,4.198
4.2,3.93
3.7,3.701
4.1,4.094
3.2,3.244
3.7,3.623
3.9,3.938
4.4,4.373
3.9,3.926
3.6,3.735
4.3,4.179
4.0,4.072
2.4,3.783
3.7,3.814
3.5,3.652
3.7,3.7
4.3,4.24
4.0,4.031
3.9,3.894
3.7,3.7
3.9,3.693
3.4,3.476
4.0,4.027
3.9,3.9
3.8,3.814
3.8,3.678
3.9,3.821
4.0,4.101
4.2,4.191
3.3,3.3
4.7,4.698
4.0,3.766
3.9,3.9
4.3,4.28
4.4,4.4
2.8,3.176
3.9,3.9
4.5,4.495
4.9,4.099
3.7,3.699
4.0,3.246
4.3,4.304
4.0,3.981
3.6,3.583
4.1,4.104
4.2,4.213
2.7,4.152
4.0,3.899
4.2,4.203
4.0,4.0
3.7,3.696
4.1,4.101
4.6,4.183
3.8,3.802
3.6,3.355
4.0,3.979
3.8,3.745
3.4,3.261
3.7,3.662
2.8,2.874
4.1,4.096
4.3,4.3
4.0,3.902
4.1,4.063
4.3,4.253
4.5,4.476
3.9,3.843
3.8,3.338
4.3,4.293
4.2,4.2
4.0,3.975
4.3,4.3
3.8,3.758
4.3,4.299
4.2,4.124
4.0,4.01
4.3,4.3
3.8,3.823
4.0,3.903
4.7,4.76
3.5,3.564
3.9,3.86
4.0,3.875
3.8,3.801
4.0,3.987
3.9,3.39
4.1,4.072
3.7,3.693
4.1,4.1
3.6,3.329
4.6,4.348
3.8,3.806
4.2,4.17
4.5,4.502
4.2,4.156
4.0,4.042
2.9,2.992
4.2,4.197
4.3,4.273
4.0,3.961
2.9,2.925
4.2,4.2
4.1,4.113
3.8,3.694
2.9,2.994
4.1,4.094
3.8,3.815
3.9,3.9
3.9,3.89
3.8,3.8
3.9,3.912
3.7,3.716
4.1,4.115
3.9,3.901
4.0,4.007
4.1,4.12
4.5,4.5
3.2,3.453
2.5,3.144
3.8,3.824
3.7,3.698
3.8,3.791
3.8,3.478
3.7,3.477
4.1,3.509
4.3,4.296
3.7,3.611
3.9,3.904
3.3,3.337
4.4,4.4
3.8,3.815
4.1,4.135
3.9,3.778
4.1,4.1
2.8,3.39
3.9,3.754
3.8,3.806
3.4,3.393
4.1,4.101
3.7,3.73
3.9,3.9
4.5,4.492
3.5,3.535
4.5,4.5
3.5,3.524
4.5,4.503
4.1,4.08
3.8,3.877
4.0,4.0
3.8,3.803
2.3,2.837
3.8,3.618
3.8,3.787
4.0,4.04
3.8,3.787
3.9,3.899
2.3,2.845
3.7,3.425
3.8,3.671
3.5,3.494
2.8,2.865
3.8,3.794
4.5,4.406
3.9,3.9
3.6,3.619
4.0,3.766
3.2,3.361
4.2,4.204
3.7,3.611
4.1,4.102
3.9,3.854
3.8,3.799
2.4,2.486
4.3,4.239
3.9,3.9
3.8,3.7
3.1,3.796
4.2,3.49
4.0,3.606
4.0,4.136
4.1,4.085
4.1,4.104
4.3,4.301
4.1,4.085
4.0,3.544
4.2,4.198
2.9,3.024
4.2,4.207
2.6,2.619
3.9,4.017
4.0,4.019
4.0,4.009
3.6,3.808
3.1,3.135
3.9,3.945
4.0,3.958
4.4,4.354
4.4,4.401
3.8,3.796
4.1,4.102
4.3,4.284
4.0,3.995
3.7,3.759
3.8,3.359
2.8,2.8
4.2,4.128
4.1,4.096
4.0,3.983
3.4,3.416
3.7,3.667
4.1,4.097
4.3,4.24
4.1,4.1
3.8,3.871
4.3,4.308
4.0,4.037
3.8,3.784
3.2,3.25
3.9,3.903
4.0,3.938
3.1,3.14
3.8,3.778
4.2,4.203
3.7,3.862
4.7,4.697
4.2,4.225
2.8,2.917
3.9,3.9
3.7,3.706
4.4,4.4
3.1,3.311
4.0,3.99
4.1,4.002
4.0,4.005
3.8,3.807
3.9,3.884
4.1,4.049
3.6,3.651
4.1,4.099
4.3,4.306
4.0,4.029
3.9,3.901
3.8,3.801
2.2,3.81
3.8,3.711
3.6,3.547
4.1,4.078
3.8,3.878
3.8,3.799
4.0,3.992
4.0,4.0
3.4,3.418
4.3,4.294
3.9,3.899
3.8,3.697
4.1,4.226
4.2,4.198
4.1,4.096
4.1,4.102
4.1,4.1
3.8,3.806
4.0,3.913
4.4,4.4
3.9,3.826
4.4,4.4
4.0,4.0
3.4,3.642
3.9,3.887
4.1,4.095
3.7,3.778
4.4,4.402
2.1,2.821
4.1,4.1
3.8,3.743
4.1,4.096
3.6,3.646
3.8,3.783
3.3,3.585
4.3,4.271
4.3,4.391
4.1,4.12
4.3,4.296
3.6,3.581
3.8,3.827
4.5,4.494
3.9,3.901
4.3,4.313
4.1,4.1
2.4,3.649
4.1,3.703
4.2,4.2
4.1,4.056
3.8,3.803
4.2,4.168
4.1,4.079
4.0,3.156
3.9,3.745
3.9,3.937
4.0,4.102
3.9,3.895
3.6,3.687
3.8,3.816
4.2,4.2
4.1,4.089
4.2,4.107
3.4,3.471
4.6,4.574
4.4,4.4
3.9,3.921
2.9,2.956
3.7,3.685
3.9,3.568
4.1,4.063
3.9,3.927
4.0,3.691
4.0,3.934
4.2,4.179
4.2,4.192
4.1,4.091
4.0,3.833
3.5,3.564
3.5,3.488
4.2,3.802
2.7,2.788
3.9,3.906
4.0,3.965
4.1,4.1
4.1,4.108
4.2,4.196
3.8,3.74
4.2,4.2
4.0,3.927
3.5,3.836
4.2,4.206
4.0,4.015
3.9,3.625
4.3,4.292
3.8,3.8
4.0,4.03
4.1,4.101
4.1,4.105
4.0,4.019
3.7,3.705
3.7,3.687
2.1,2.231
3.9,3.881
4.0,3.981
3.8,3.799
4.0,3.943
3.9,3.965
3.1,3.155
4.0,4.003
3.9,3.902
3.8,3.774
3.9,3.905
4.2,4.2
3.7,3.498
3.9,3.889
3.9,3.903
4.3,4.308
4.5,4.493
4.6,4.606
3.8,3.807
3.5,3.511
3.7,3.693
3.9,3.761
3.9,3.856
4.2,4.2
4.4,4.347
3.9,3.903
4.2,4.184
4.0,3.999
3.9,3.893
4.4,4.399
3.2,3.11
4.3,4.3
3.2,3.223
4.1,4.104
3.6,3.677
4.0,4.01
4.4,4.347
4.4,4.349
3.8,3.792
2.9,2.974
3.8,3.869
3.8,3.799
4.0,4.063
4.0,3.981
4.0,3.882
3.4,3.438
4.4,4.4
4.4,4.4
2.8,2.907
4.4,4.4
2.9,3.429
4.6,4.424
4.1,4.11
3.2,3.148
3.7,3.72
4.1,4.096
3.9,3.9
4.2,4.177
4.1,3.898
4.1,4.095
4.1,4.1
3.9,3.724
3.9,3.777
4.1,4.106
4.2,4.155
4.3,4.291
2.6,2.76
4.2,4.145
4.0,3.999
3.9,3.9
4.2,4.201
2.9,3.082
4.4,4.376
4.3,4.297
4.2,4.118
4.3,4.297
4.1,4.052
3.6,3.374
4.2,4.199
3.7,3.701
3.3,3.36
3.2,3.205
3.8,3.746
4.1,4.103
3.0,3.8
3.9,3.944
4.0,3.986
4.5,4.492
3.6,3.636
4.2,4.13
4.2,4.201
4.4,4.403
3.7,3.696
3.7,3.669
3.6,3.603
3.7,3.7
3.9,3.915
4.2,4.177
3.9,3.918
4.2,4.2
3.9,3.602
4.3,4.283
4.2,4.196
2.9,2.877
3.9,3.839
4.3,4.307
3.9,3.737
4.0,4.002
4.2,4.201
4.3,4.279
3.7,3.229
4.1,4.096
3.9,3.907
3.5,3.508
4.1,4.122
4.4,4.4
3.8,3.797
4.1,3.924
3.9,3.929
3.9,3.9
3.8,3.738
4.1,4.023
3.9,3.774
4.1,3.928
3.9,3.912
4.0,3.724
3.8,3.817
3.9,3.774
4.1,4.108
4.1,4.04
3.8,3.785
2.8,2.818
4.0,3.986
3.6,3.729
4.5,4.503
3.4,3.423
3.9,3.946
4.0,3.641
2.9,3.056
4.2,4.126
2.9,3.134
4.2,4.193
4.4,4.4
4.1,4.091
4.3,4.289
3.7,3.696
3.9,3.9
3.0,3.257
4.3,4.301
4.2,4.2
3.5,3.584
3.6,3.589
4.1,3.719
4.5,4.466
2.7,3.051
4.4,4.401
4.3,4.301
4.0,3.998
4.5,4.5
4.2,4.226
3.7,3.713
3.9,3.888
4.2,4.2
4.2,4.197
4.2,4.2
4.2,4.2
4.2,4.083
3.3,3.837
3.7,3.726
3.9,3.724
3.9,3.886
4.0,3.882
4.0,3.998
4.0,4.001
3.7,3.577
4.1,4.089
4.3,4.297
4.2,4.2
2.7,2.7
4.2,4.188
3.6,3.576
4.2,4.184
3.7,3.714
3.8,3.796
4.6,4.183
4.0,3.996
4.0,4.0
3.9,3.897
4.2,4.2
4.4,4.332
2.7,2.883
4.0,4.011
4.1,4.107
3.6,3.67
3.4,3.434
3.7,3.696
3.7,3.584
4.4,4.178
4.2,4.2
3.7,3.701
3.9,3.867
3.1,3.28
2.8,2.985
3.7,3.7
4.5,4.492
3.8,3.762
3.8,3.753
3.8,3.407
4.1,4.124
3.7,3.702
4.0,4.0
3.9,3.905
4.9,4.9
4.3,4.226
4.2,4.203
3.1,3.566
4.2,4.225
4.5,4.5
3.9,3.9
4.0,4.0
4.7,4.7
3.6,3.606
3.9,3.9
3.8,3.799
3.8,3.833
4.3,4.313
4.2,4.2
3.7,3.701
3.8,3.813
3.8,3.78
3.7,3.709
3.8,3.821
3.8,3.812
4.4,4.399
3.9,3.9
4.3,4.292
4.0,3.994
4.1,3.928
4.5,4.5
4.1,4.099
4.3,4.29
2.6,2.593
4.1,4.065
3.9,3.879
4.0,4.006
3.7,3.64
3.2,3.191
4.0,4.003
4.0,4.0
3.9,3.666
3.5,3.295
3.7,3.856
2.8,3.555
3.9,3.903
3.2,3.2
2.7,4.152
4.1,4.1
4.1,4.1
3.9,3.777
4.0,3.999
3.8,3.652
3.4,3.502
3.9,3.899
4.0,4.0
4.1,4.088
3.9,3.891
2.8,2.834
4.1,4.072
2.1,2.194
4.1,4.168
3.9,3.9
3.8,3.8
4.1,4.108
3.6,3.6
2.5,2.847
4.2,4.201
3.7,3.697
3.9,3.9
4.1,4.006
4.1,4.096
4.1,3.984
4.2,4.174
3.9,3.901
4.3,4.291
3.8,4.088
3.8,3.842
4.1,4.061
3.8,3.806
4.1,4.11
4.6,4.604
4.4,4.384
3.8,3.794
3.8,3.8
4.3,4.3
4.2,4.201
4.3,4.108
4.1,4.1
3.7,3.7
4.0,4.0
4.1,4.07
3.5,3.622
3.8,3.82
4.0,4.089
3.9,3.895
4.5,4.494
3.9,3.9
3.2,3.379
4.1,4.097
2.9,3.17
3.8,3.797
4.0,3.744
3.7,3.705
4.1,4.108
3.7,3.7
4.1,4.109
4.6,4.6
4.4,4.384
3.7,3.803
3.9,3.902
3.9,3.911
4.0,3.999
4.2,4.2
4.0,3.956
4.2,4.227
4.3,4.3
4.0,3.987
3.9,3.908
3.7,3.818
4.0,3.965
3.5,3.603
3.7,3.609
3.9,3.832
3.7,3.732
4.3,4.3
2.9,2.987
4.3,4.265
3.8,3.876
4.0,4.001
3.4,3.421
4.4,4.401
3.8,3.836
4.2,3.503
4.3,4.3
4.3,4.141
3.2,3.28
3.5,3.505
2.7,2.704
3.7,3.643
3.8,3.773
3.4,3.42
3.9,3.9
4.1,4.08
4.5,4.503
3.8,3.77
3.9,3.849
3.0,3.246
4.1,4.026
3.5,3.599
4.6,4.584
4.2,4.196
3.9,3.789
3.2,3.327
3.5,3.729
4.4,4.4
3.8,3.775
4.0,3.759
3.8,3.799
3.0,3.183
3.7,3.704
2.7,2.928
3.6,3.657
2.8,2.949
3.8,3.862
4.0,4.074
3.5,3.534
3.9,3.887
3.9,3.895
3.6,3.561
4.5,4.49
2.7,3.067
3.9,3.908
4.0,4.0
4.3,4.296
4.1,4.105
3.5,3.574
3.0,3.556
4.2,4.198
3.6,3.546
3.6,3.677
4.5,4.492
3.9,3.886
4.6,4.605
4.0,3.955
4.1,4.1
4.0,4.001
2.8,2.885
4.1,4.072
3.7,3.543
4.0,3.921
4.0,4.028
3.8,3.811
4.2,4.044
4.2,4.187
2.6,3.547
4.4,4.325
3.2,3.333
4.2,4.209
3.6,3.566
4.7,4.697
4.1,3.762
4.3,3.93
4.4,4.43
4.1,4.204
4.3,4.273
3.7,3.796
4.1,4.023
3.8,3.822
4.1,4.088
4.2,4.187
3.3,3.297
4.1,4.108
3.7,3.675
3.2,3.24
4.1,4.096
4.7,4.647
3.6,3.613
4.0,3.939
4.1,4.11
3.7,3.827
3.9,3.872
4.2,4.2
4.1,4.1
4.2,3.618
4.4,4.401
2.8,2.883
3.8,3.74
4.1,3.994
3.8,3.819
3.8,3.801
4.2,4.124
4.1,4.114
3.9,3.923
3.8,3.831
4.3,4.173
3.4,3.348
3.9,3.91
2.3,2.306
3.7,3.594
4.1,4.082
3.3,3.557
3.7,3.641
3.6,3.598
4.1,4.107
4.2,4.2
4.4,4.4
4.1,4.081
3.8,4.062
3.9,3.945
4.1,4.1
4.1,4.106
3.8,3.803
4.0,4.0
3.9,3.908
4.0,4.0
3.9,3.9
3.3,3.43
3.5,3.551
3.9,3.894
3.1,3.158
2.8,2.84
3.9,3.945
3.3,3.431
4.0,4.008
3.9,3.913
3.2,3.655
3.1,3.17
4.0,3.997
2.8,2.851
3.7,3.64
4.0,3.985
3.7,3.622
3.8,3.734
4.4,4.4
4.2,4.2
3.7,3.594
3.1,3.654
4.0,3.948
4.1,4.085
4.2,4.2
4.1,3.994
3.7,3.708
3.4,3.509
4.4,4.403
4.0,3.965
3.4,3.356
2.7,2.7
4.2,4.171
3.7,3.763
3.7,3.697
3.7,3.705
3.7,3.683
3.2,3.526
3.8,3.781
4.4,4.383
3.5,3.537
3.3,3.151
3.9,3.897
3.4,3.446
3.9,3.839
3.7,3.713
3.7,3.692
4.3,3.726
3.7,3.687
3.9,3.897
4.1,4.106
3.8,3.773
4.2,4.2
2.1,3.778
3.6,3.75
3.9,3.885
3.9,3.907
3.8,3.789
3.8,3.622
4.4,4.401
3.9,3.886
4.2,4.406
3.7,3.759
4.0,3.844
4.1,4.137
3.8,3.78
3.7,3.606
4.2,4.171
4.3,4.31
4.7,4.7
3.8,3.856
4.5,4.462
3.9,3.906
3.6,3.669
3.8,3.689
3.6,3.45
3.9,3.902
4.2,4.255
3.5,3.514
3.9,3.718
4.3,4.301
3.9,3.896
3.8,3.89
4.2,4.197
3.9,3.889
3.4,3.272
2.6,2.638
4.3,4.204
2.8,3.19
4.0,4.001
3.6,3.757
4.3,4.3
4.0,4.0
4.5,4.501
3.8,3.735
4.3,4.277
3.9,3.892
2.6,2.738
3.7,3.717
4.3,4.298
3.9,3.871
4.2,4.191
3.9,3.798
4.0,3.985
3.8,3.817
3.0,3.091
3.7,3.702
4.1,4.092
2.7,2.812
3.9,3.907
4.1,4.108
3.9,3.791
3.5,3.614
4.0,3.933
3.8,3.8
4.5,4.496
4.0,4.015
4.0,4.001
4.0,3.987
3.8,3.74
3.8,3.8
4.6,4.538
4.0,3.999
4.3,4.3
3.8,3.802
3.9,3.9
4.4,4.4
4.0,4.035
4.0,3.987
4.7,4.414
3.5,3.398
3.6,3.703
3.9,3.911
3.0,3.017
3.8,3.565
3.9,3.887
2.9,2.902
4.2,4.186
4.1,4.011
4.2,4.2
4.4,4.4
3.9,3.9
4.2,4.18
4.6,4.594
3.1,3.102
3.8,3.849
3.4,3.529
3.9,3.914
4.2,4.193
4.3,4.279
2.9,3.062
3.4,3.457
3.8,3.861
3.9,3.837
3.9,3.887
4.1,4.1
3.6,3.6
3.9,3.901
3.6,3.61
4.0,4.004
4.0,3.878
3.0,3.038
3.6,3.652
4.3,4.313
3.9,3.912
4.2,4.195
4.0,3.99
3.7,3.69
3.8,3.779
3.1,3.162
3.9,3.94
4.3,4.173
3.8,3.868
3.9,3.947
3.8,3.799
4.1,4.102
4.1,4.1
4.1,4.11
4.1,3.942
4.6,4.6
3.7,3.59
4.1,4.097
4.0,4.025
4.1,4.133
4.2,4.214
3.9,3.916
3.8,3.804
2.7,3.133
3.0,3.153
3.9,3.899
4.5,4.339
4.4,4.396
4.0,4.067
3.6,3.969
4.1,4.1
4.1,4.099
4.2,4.185
4.1,4.223
3.8,3.525
3.8,3.963
4.1,4.088
4.3,4.283
4.0,3.968
3.3,3.34
3.5,3.498
3.9,3.809
3.5,3.58
2.9,2.902
4.0,4.136
4.4,4.029
4.4,4.398
4.1,4.084
4.1,4.1
3.9,3.899
3.7,3.692
4.1,4.099
4.0,3.964
4.0,4.003
3.9,3.696
3.0,3.012
3.2,3.433
4.5,4.407
4.5,4.475
3.2,3.204
4.3,4.298
3.6,3.677
4.0,4.037
4.7,4.406
4.0,3.924
4.3,4.297
4.2,4.321
3.9,3.903
4.3,4.254
4.4,4.354
4.1,4.101
4.1,4.087
4.6,4.594
4.3,4.295
3.9,3.911
4.6,4.538
3.9,3.837
3.7,3.705
4.3,4.3
4.0,4.0
3.7,3.708
3.5,3.533
2.8,2.917
2.9,3.385
4.4,4.4
4.0,3.892
4.0,4.014
4.0,3.972
4.3,4.301
4.6,4.599
3.9,3.942
4.0,3.852
3.9,3.859
4.2,4.196
4.8,4.795
4.0,3.932
4.0,4.002
4.3,4.228
3.4,3.437
4.3,4.306
4.2,4.202
4.3,4.302
3.5,3.511
4.2,4.263
4.2,4.203
3.6,3.613
4.1,4.141
3.8,3.787
4.5,4.501
4.3,4.299
3.3,3.298
4.3,4.3
3.7,3.768
3.0,3.01
2.7,3.693
4.4,4.394
4.6,4.315
4.1,3.966
4.0,4.0
4.1,3.805
4.3,4.4
4.3,4.396
3.9,3.886
4.0,3.983
3.9,3.856
4.0,4.031
3.7,3.705
4.5,4.492
3.9,3.92
4.3,4.3
4.0,3.948
4.1,4.044
3.7,3.751
3.8,3.799
4.1,4.029
4.3,4.3
4.0,3.864
4.3,4.261
3.8,3.867
3.9,3.707
4.1,4.077
3.5,3.506
4.9,4.9
3.8,3.817
4.1,3.794
4.2,4.173
4.1,4.096
3.8,3.782
4.2,4.149
3.9,3.891
3.8,3.79
3.6,3.576
3.7,3.708
3.8,3.848
2.7,3.161
3.9,3.919
4.4,4.401
3.8,3.761
4.1,4.098
3.6,3.602
4.0,4.007
4.2,4.126
3.8,3.801
3.8,3.812
4.0,4.0
4.4,4.371
3.2,3.482
4.3,4.3
3.8,3.795
3.8,3.692
4.3,4.256
3.0,3.018
4.0,3.948
4.2,4.18
3.9,3.924
4.0,4.013
3.9,3.908
3.9,3.915
3.6,3.517
3.7,3.693
4.4,4.343
3.9,3.895
3.8,3.709
3.6,3.576
4.1,4.04
4.1,4.065
3.9,3.527
3.8,3.792
3.9,3.912
4.2,4.144
2.8,2.842
4.1,4.105
4.3,4.3
3.9,3.921
3.9,3.911
3.7,3.7
3.9,3.755
4.1,3.661
3.5,3.344
4.5,4.494
4.4,4.4
3.2,3.45
3.9,3.918
3.9,3.965
3.7,3.653
4.6,4.608
3.8,3.8
3.3,3.111
2.6,2.85
3.8,3.831
4.0,3.989
4.1,4.093
3.0,3.103
4.1,4.093
3.7,3.666
4.0,4.002
4.2,4.028
2.9,3.112
4.0,4.01
4.4,4.347
3.6,3.755
4.0,3.97
4.1,4.094
3.8,3.816
4.2,4.201
3.1,3.301
4.3,4.3
4.0,4.0
4.0,3.997
4.5,4.503
4.5,4.496
4.0,3.986
4.0,4.004
4.0,4.009
4.2,4.205
3.9,3.906
3.9,3.885
4.0,4.016
4.3,4.279
3.9,3.945
3.8,3.802
4.1,4.057
4.5,4.5
3.7,3.658
4.3,4.301
4.0,3.989
2.9,3.571
4.1,4.1
4.3,4.25
3.5,3.599
4.3,4.172
3.1,3.11
4.2,4.141
3.9,3.935
3.6,4.011
4.0,4.007
4.1,4.103
3.9,3.91
4.2,4.202
4.1,4.012
4.3,4.267
4.0,4.0
4.1,4.109
3.7,3.707
4.3,4.292
4.0,3.905
4.0,3.969
3.9,3.879
3.7,3.735
3.7,3.666
3.7,3.448
3.5,3.459
3.8,3.803
3.8,3.8
4.0,3.999
3.9,3.9
4.0,3.613
4.0,3.996
4.2,4.105
3.5,3.523
4.0,4.019
3.9,3.897
4.0,3.972
3.9,3.903
4.2,3.997
4.5,4.45
4.7,4.7
3.9,3.907
3.9,3.904
4.5,4.497
4.6,4.519
4.2,3.976
4.0,3.971
4.3,4.3
1.8,1.983
4.7,4.704
3.8,3.799
4.2,4.064
4.1,4.1
3.9,3.893
3.9,3.895
4.2,4.199
4.8,4.742
3.1,3.181
3.4,3.441
4.0,4.001
3.9,3.944
3.0,3.195
4.2,4.201
4.1,4.078
2.9,3.351
4.6,4.531
3.9,3.897
3.8,3.407
2.5,3.009
3.8,3.808
3.9,3.915
3.7,3.578
3.8,3.842
4.3,4.098
3.6,3.602
3.7,3.694
3.9,3.921
3.8,3.803
4.0,3.916
4.3,4.286
4.6,4.181
3.4,3.614
3.8,3.771
4.2,4.152
4.3,4.303
4.4,4.4
3.0,3.001
4.4,4.39
3.7,3.936
2.8,3.153
3.9,3.331
4.1,4.105
3.7,3.669
3.9,3.827
4.1,4.086
3.9,3.908
4.2,4.2
4.2,4.184
4.0,3.993
3.9,3.896
3.1,3.326
3.8,3.833
4.4,4.24
4.0,4.032
4.5,4.5
4.2,4.172
4.3,4.3
4.0,4.003
3.7,3.715
4.0,4.048
3.5,3.563
4.0,3.959
3.9,3.825
3.5,3.562
4.2,4.2
3.8,3.8
3.9,3.893
3.8,3.87
4.3,4.3
4.1,4.015
3.7,3.697
4.0,3.96
4.0,3.955
4.1,4.1
3.7,3.737
3.7,3.7
4.2,4.176
3.7,3.701
4.5,4.5
4.1,4.187
3.8,3.728
3.8,3.745
3.6,3.657
4.0,3.503
3.8,3.824
4.4,4.39
4.1,4.105
4.4,4.376
3.4,3.055
3.8,3.802
2.7,2.7
4.2,4.2
4.2,4.209
4.0,3.967
3.8,3.749
4.0,4.015
3.8,3.796
3.7,3.701
4.0,4.082
3.8,3.803
3.9,3.842
3.7,3.743
3.9,3.917
4.1,4.125
3.8,3.653
4.0,3.701
4.1,4.111
4.0,4.0
4.2,4.215
3.3,3.402
4.3,4.3
4.2,4.199
4.0,3.938
3.7,3.696
2.9,3.04
4.3,4.3
4.2,4.201
4.0,3.93
4.0,3.962
3.8,3.806
3.6,3.667
3.7,3.818
3.9,3.885
3.7,3.714
4.4,4.4
4.0,4.016
2.6,3.104
3.9,3.851
3.9,3.893
4.2,4.172
4.8,4.63
3.9,4.065
3.8,3.78
4.2,4.197
4.0,4.001
4.0,4.0
4.5,4.5
4.4,4.337
4.0,3.843
3.8,3.735
4.2,4.198
3.7,3.618
4.3,4.299
3.9,3.887
3.7,3.71
2.9,3.001
3.7,3.408
4.3,4.299
2.6,2.714
3.9,3.883
4.2,4.2
3.5,3.504
3.5,3.508
3.6,3.614
4.1,4.113
3.9,3.9
3.8,3.8
2.9,2.925
4.8,4.5
2.2,3.37
4.0,3.994
3.9,3.848
4.4,4.392
3.9,3.873
3.5,3.665
3.8,3.801
3.6,3.592
3.9,3.891
3.8,3.791
4.1,4.123
4.0,3.92
4.2,4.2
3.8,3.861
4.5,4.454
4.0,4.0
3.8,3.75
4.0,4.037
3.7,3.658
4.2,4.134
3.7,3.662
4.0,3.975
3.9,3.904
4.2,4.202
3.5,3.539
3.9,3.901
2.6,2.831
4.1,4.107
3.8,3.804
4.2,4.103
4.2,4.174
4.3,4.263
3.9,3.879
2.8,3.292
3.7,3.7
4.4,4.349
4.0,3.999
3.5,3.733
3.9,3.718
3.5,3.47
3.7,3.73
4.2,4.111
3.7,3.686
4.1,4.089
3.9,3.893
3.9,3.889
3.8,3.832
3.9,3.869
3.7,3.695
4.5,4.517
3.8,3.828
3.7,3.809
3.4,3.406
4.4,4.4
4.7,4.7
3.7,4.309
3.9,3.673
3.8,3.617
3.8,3.803
3.3,3.509
4.9,4.9
4.3,4.283
3.5,3.448
4.0,3.983
4.1,4.1
4.2,4.208
3.7,3.603
4.5,4.5
4.0,4.009
3.9,3.888
3.7,3.651
4.1,4.126
3.8,3.81
4.3,4.293
3.5,3.465
3.7,3.688
4.3,4.044
4.1,4.091
3.8,3.634
3.8,3.918
4.3,4.297
4.3,4.29
3.6,3.61
3.4,3.458
3.1,3.193
4.0,3.943
4.4,4.325
2.9,3.619
4.1,4.1
3.6,3.598
4.1,3.929
3.8,3.823
3.4,3.447
4.2,4.077
4.0,4.0
3.6,3.6
4.0,3.932
4.0,3.834
4.1,4.1
4.9,4.785
3.7,3.672
4.3,4.223
4.1,4.1
3.6,4.011
4.3,4.293
3.8,3.751
3.9,3.842
4.0,4.091
4.0,3.997
4.5,4.458
3.9,3.898
2.8,2.883
3.8,3.83
